Price,Close,High,Low,Open,Volume,processed_at,z_score,is_anomaly
2026-03-13 00:01:00+00:00,70446.8671875,70446.8671875,70446.8671875,70446.8671875,0,2026-03-13 19:06:14.883439,-2.9455770415816054,False
2026-03-13 00:02:00+00:00,70429.53125,70429.53125,70429.53125,70429.53125,5390336,2026-03-13 19:06:14.883439,-2.988873113040855,False
2026-03-13 00:03:00+00:00,70426.640625,70426.640625,70426.640625,70426.640625,0,2026-03-13 19:06:14.883439,-2.996092376871374,False
2026-03-13 00:05:00+00:00,70491.6484375,70491.6484375,70491.6484375,70491.6484375,51617792,2026-03-13 19:06:14.883439,-2.833736986780155,False
2026-03-13 00:06:00+00:00,70574.625,70574.625,70574.625,70574.625,28631040,2026-03-13 19:06:14.883439,-2.6265050917965187,False
2026-03-13 00:08:00+00:00,70617.7890625,70617.7890625,70617.7890625,70617.7890625,114479104,2026-03-13 19:06:14.883439,-2.518703922435386,False
2026-03-13 00:09:00+00:00,70577.703125,70577.703125,70577.703125,70577.703125,1585152,2026-03-13 19:06:14.883439,-2.6188175513932093,False
2026-03-13 00:11:00+00:00,70738.78125,70738.78125,70738.78125,70738.78125,37228544,2026-03-13 19:06:14.883439,-2.2165289523184883,False
2026-03-13 00:12:00+00:00,70766.609375,70766.609375,70766.609375,70766.609375,33284096,2026-03-13 19:06:14.883439,-2.1470289043068402,False
2026-03-13 00:13:00+00:00,70949.1875,70949.1875,70949.1875,70949.1875,0,2026-03-13 19:06:14.883439,-1.691044591552149,False
2026-03-13 00:15:00+00:00,71084.046875,71084.046875,71084.046875,71084.046875,76754944,2026-03-13 19:06:14.883439,-1.3542366665726246,False
2026-03-13 00:16:00+00:00,71382.3671875,71382.3671875,71382.3671875,71382.3671875,0,2026-03-13 19:06:14.883439,-0.6091891277391676,False
2026-03-13 00:17:00+00:00,71505.453125,71505.453125,71505.453125,71505.453125,59248640,2026-03-13 19:06:14.883439,-0.3017850692261097,False
2026-03-13 00:18:00+00:00,71420.7890625,71420.7890625,71420.7890625,71420.7890625,41275392,2026-03-13 19:06:14.883439,-0.5132314533648599,False
2026-03-13 00:19:00+00:00,71329.625,71329.625,71329.625,71329.625,344723456,2026-03-13 19:06:14.883439,-0.7409114253603453,False
2026-03-13 00:20:00+00:00,71283.4375,71283.4375,71283.4375,71283.4375,397312,2026-03-13 19:06:14.883439,-0.8562635544577237,False
2026-03-13 00:21:00+00:00,71484.125,71484.125,71484.125,71484.125,16580608,2026-03-13 19:06:14.883439,-0.3550515293810223,False
2026-03-13 00:23:00+00:00,71691.4765625,71691.4765625,71691.4765625,71691.4765625,0,2026-03-13 19:06:14.883439,0.1628038255536061,False
2026-03-13 00:24:00+00:00,71639.5078125,71639.5078125,71639.5078125,71639.5078125,19124224,2026-03-13 19:06:14.883439,0.033013168795188993,False
2026-03-13 00:25:00+00:00,71555.3671875,71555.3671875,71555.3671875,71555.3671875,1044889600,2026-03-13 19:06:14.883439,-0.17712594324452116,False
2026-03-13 00:26:00+00:00,71600.1640625,71600.1640625,71600.1640625,71600.1640625,15142912,2026-03-13 19:06:14.883439,-0.06524686539533843,False
2026-03-13 00:27:00+00:00,71540.7890625,71540.7890625,71540.7890625,71540.7890625,0,2026-03-13 19:06:14.883439,-0.21353444677897793,False
2026-03-13 00:28:00+00:00,71475.2265625,71475.2265625,71475.2265625,71475.2265625,14372864,2026-03-13 19:06:14.883439,-0.37727515506470194,False
2026-03-13 00:29:00+00:00,71425.5390625,71425.5390625,71425.5390625,71425.5390625,3964928,2026-03-13 19:06:14.883439,-0.5013684468541687,False
2026-03-13 00:31:00+00:00,71726.953125,71726.953125,71726.953125,71726.953125,547749888,2026-03-13 19:06:14.883439,0.25140565543033067,False
2026-03-13 00:32:00+00:00,71923.4296875,71923.4296875,71923.4296875,71923.4296875,47841280,2026-03-13 19:06:14.883439,0.7421009691431135,False
2026-03-13 00:34:00+00:00,71953.484375,71953.484375,71953.484375,71953.484375,0,2026-03-13 19:06:14.883439,0.8171618014566479,False
2026-03-13 00:35:00+00:00,71948.0078125,71948.0078125,71948.0078125,71948.0078125,20258816,2026-03-13 19:06:14.883439,0.8034842232263937,False
2026-03-13 00:36:00+00:00,71891.8125,71891.8125,71891.8125,71891.8125,9924608,2026-03-13 19:06:14.883439,0.6631378320563255,False
2026-03-13 00:38:00+00:00,71767.4609375,71767.4609375,71767.4609375,71767.4609375,427294720,2026-03-13 19:06:14.883439,0.3525729066769321,False
2026-03-13 00:39:00+00:00,71764.2734375,71764.2734375,71764.2734375,71764.2734375,7426048,2026-03-13 19:06:14.883439,0.34461220493949457,False
2026-03-13 00:41:00+00:00,71744.4375,71744.4375,71744.4375,71744.4375,153194496,2026-03-13 19:06:14.883439,0.29507244584303927,False
2026-03-13 00:42:00+00:00,71647.765625,71647.765625,71647.765625,71647.765625,2772992,2026-03-13 19:06:14.883439,0.05363684952183464,False
2026-03-13 00:44:00+00:00,71527.5625,71527.5625,71527.5625,71527.5625,77594624,2026-03-13 19:06:14.883439,-0.24656745668457025,False
2026-03-13 00:45:00+00:00,71525.2265625,71525.2265625,71525.2265625,71525.2265625,4554752,2026-03-13 19:06:14.883439,-0.2524014023205845,False
2026-03-13 00:46:00+00:00,71500.7109375,71500.7109375,71500.7109375,71500.7109375,240259072,2026-03-13 19:06:14.883439,-0.31362856421293456,False
2026-03-13 00:47:00+00:00,71452.8046875,71452.8046875,71452.8046875,71452.8046875,0,2026-03-13 19:06:14.883439,-0.4332732285608921,False
2026-03-13 00:48:00+00:00,71485.375,71485.375,71485.375,71485.375,13500416,2026-03-13 19:06:14.883439,-0.3519296855624193,False
2026-03-13 00:49:00+00:00,71464.0234375,71464.0234375,71464.0234375,71464.0234375,136884224,2026-03-13 19:06:14.883439,-0.40525468028893075,False
2026-03-13 00:50:00+00:00,71320.5625,71320.5625,71320.5625,71320.5625,6889472,2026-03-13 19:06:14.883439,-0.7635447930452165,False
2026-03-13 00:52:00+00:00,71392.8515625,71392.8515625,71392.8515625,71392.8515625,601640960,2026-03-13 19:06:14.883439,-0.5830046627106354,False
2026-03-13 00:53:00+00:00,71375.5,71375.5,71375.5,71375.5,0,2026-03-13 19:06:14.883439,-0.6263397572176175,False
2026-03-13 00:54:00+00:00,71378.2578125,71378.2578125,71378.2578125,71378.2578125,6156288,2026-03-13 19:06:14.883439,-0.6194521892928248,False
2026-03-13 00:56:00+00:00,71340.46875,71340.46875,71340.46875,71340.46875,86929408,2026-03-13 19:06:14.883439,-0.7138294302339647,False
2026-03-13 00:57:00+00:00,71329.1875,71329.1875,71329.1875,71329.1875,0,2026-03-13 19:06:14.883439,-0.7420040706968563,False
2026-03-13 00:58:00+00:00,71314.6171875,71314.6171875,71314.6171875,71314.6171875,210456576,2026-03-13 19:06:14.883439,-0.7783930627074468,False
2026-03-13 00:59:00+00:00,71391.15625,71391.15625,71391.15625,71391.15625,2080768,2026-03-13 19:06:14.883439,-0.5872386633896157,False
2026-03-13 01:01:00+00:00,71624.4140625,71624.4140625,71624.4140625,71624.4140625,0,2026-03-13 19:06:14.883439,-0.004683095314441466,False
2026-03-13 01:03:00+00:00,71626.6953125,71626.6953125,71626.6953125,71626.6953125,0,2026-03-13 19:06:14.883439,0.001014269654508893,False
2026-03-13 01:04:00+00:00,71599.25,71599.25,71599.25,71599.25,0,2026-03-13 19:06:14.883439,-0.06752971368769183,False
2026-03-13 01:05:00+00:00,71556.5078125,71556.5078125,71556.5078125,71556.5078125,0,2026-03-13 19:06:14.883439,-0.174277260760046,False
2026-03-13 01:06:00+00:00,71621.21875,71621.21875,71621.21875,71621.21875,2330624,2026-03-13 19:06:14.883439,-0.012663308575745222,False
2026-03-13 01:07:00+00:00,71669.3984375,71669.3984375,71669.3984375,71669.3984375,532639744,2026-03-13 19:06:14.883439,0.10766425910753172,False
2026-03-13 01:09:00+00:00,71616.5625,71616.5625,71616.5625,71616.5625,2445312,2026-03-13 19:06:14.883439,-0.02429217680004116,False
2026-03-13 01:11:00+00:00,71654.8671875,71654.8671875,71654.8671875,71654.8671875,50544640,2026-03-13 19:06:14.883439,0.07137282471627257,False
2026-03-13 01:13:00+00:00,71670.890625,71670.890625,71670.890625,71670.890625,47878144,2026-03-13 19:06:14.883439,0.11139096016598897,False
2026-03-13 01:14:00+00:00,71619.9609375,71619.9609375,71619.9609375,71619.9609375,1359872,2026-03-13 19:06:14.883439,-0.015804663918214428,False
2026-03-13 01:15:00+00:00,71611.1171875,71611.1171875,71611.1171875,71611.1171875,0,2026-03-13 19:06:14.883439,-0.0378917089348302,False
2026-03-13 01:16:00+00:00,71627.3515625,71627.3515625,71627.3515625,71627.3515625,101576704,2026-03-13 19:06:14.883439,0.0026532376592754347,False
2026-03-13 01:17:00+00:00,71658.0625,71658.0625,71658.0625,71658.0625,0,2026-03-13 19:06:14.883439,0.07935303797757633,False
2026-03-13 01:18:00+00:00,71682.234375,71682.234375,71682.234375,71682.234375,26673152,2026-03-13 19:06:14.883439,0.13972169281981062,False
2026-03-13 01:19:00+00:00,71647.640625,71647.640625,71647.640625,71647.640625,0,2026-03-13 19:06:14.883439,0.053324665139974345,False
2026-03-13 01:21:00+00:00,71636.21875,71636.21875,71636.21875,71636.21875,880640,2026-03-13 19:06:14.883439,0.024798817247490015,False
2026-03-13 01:22:00+00:00,71591.125,71591.125,71591.125,71591.125,87838720,2026-03-13 19:06:14.883439,-0.08782169850861092,False
2026-03-13 01:23:00+00:00,71536.1171875,71536.1171875,71536.1171875,71536.1171875,0,2026-03-13 19:06:14.883439,-0.2252023380510064,False
2026-03-13 01:25:00+00:00,71502.3515625,71502.3515625,71502.3515625,71502.3515625,0,2026-03-13 19:06:14.883439,-0.30953114420101824,False
2026-03-13 01:26:00+00:00,71485.953125,71485.953125,71485.953125,71485.953125,0,2026-03-13 19:06:14.883439,-0.3504858327963155,False
2026-03-13 01:27:00+00:00,71519.234375,71519.234375,71519.234375,71519.234375,0,2026-03-13 19:06:14.883439,-0.26736674112601233,False
2026-03-13 01:28:00+00:00,71571.140625,71571.140625,71571.140625,71571.140625,0,2026-03-13 19:06:14.883439,-0.13773217655852538,False
2026-03-13 01:29:00+00:00,71572.7265625,71572.7265625,71572.7265625,71572.7265625,2076672,2026-03-13 19:06:14.883439,-0.1337713372136729,False
2026-03-13 01:30:00+00:00,71545.3828125,71545.3828125,71545.3828125,71545.3828125,2789376,2026-03-13 19:06:14.883439,-0.20206167074561213,False
2026-03-13 01:31:00+00:00,71538.0078125,71538.0078125,71538.0078125,71538.0078125,0,2026-03-13 19:06:14.883439,-0.22048054927536945,False
2026-03-13 01:32:00+00:00,71544.28125,71544.28125,71544.28125,71544.28125,0,2026-03-13 19:06:14.883439,-0.20481279561075597,False
2026-03-13 01:33:00+00:00,71519.6171875,71519.6171875,71519.6171875,71519.6171875,0,2026-03-13 19:06:14.883439,-0.26641067645656513,False
2026-03-13 01:34:00+00:00,71583.734375,71583.734375,71583.734375,71583.734375,504442880,2026-03-13 19:06:14.883439,-0.10627960008610078,False
2026-03-13 01:35:00+00:00,71520.40625,71520.40625,71520.40625,71520.40625,0,2026-03-13 19:06:14.883439,-0.2644400125460721,False
2026-03-13 01:36:00+00:00,71464.9140625,71464.9140625,71464.9140625,71464.9140625,7888896,2026-03-13 19:06:14.883439,-0.40303036656817615,False
2026-03-13 01:37:00+00:00,71394.28125,71394.28125,71394.28125,71394.28125,0,2026-03-13 19:06:14.883439,-0.5794340538431083,False
2026-03-13 01:38:00+00:00,71346.1328125,71346.1328125,71346.1328125,71346.1328125,6369280,2026-03-13 19:06:14.883439,-0.6996835754309202,False
2026-03-13 01:39:00+00:00,71329.6796875,71329.6796875,71329.6796875,71329.6796875,0,2026-03-13 19:06:14.883439,-0.7407748446932814,False
2026-03-13 01:40:00+00:00,71374.703125,71374.703125,71374.703125,71374.703125,0,2026-03-13 19:06:14.883439,-0.6283299326519768,False
2026-03-13 01:41:00+00:00,71497.34375,71497.34375,71497.34375,71497.34375,2060288,2026-03-13 19:06:14.883439,-0.32203803099929623,False
2026-03-13 01:42:00+00:00,71485.7265625,71485.7265625,71485.7265625,71485.7265625,2801664,2026-03-13 19:06:14.883439,-0.35105166698843726,False
2026-03-13 01:43:00+00:00,71654.8828125,71654.8828125,71654.8828125,71654.8828125,39276544,2026-03-13 19:06:14.883439,0.07141184776400511,False
2026-03-13 01:44:00+00:00,71650.21875,71650.21875,71650.21875,71650.21875,8044544,2026-03-13 19:06:14.883439,0.059763468015842904,False
2026-03-13 01:46:00+00:00,71627.34375,71627.34375,71627.34375,71627.34375,0,2026-03-13 19:06:14.883439,0.0026337261354091664,False
2026-03-13 01:47:00+00:00,71632.3359375,71632.3359375,71632.3359375,71632.3359375,3244032,2026-03-13 19:06:14.883439,0.015101589885954643,False
2026-03-13 01:48:00+00:00,71606.546875,71606.546875,71606.546875,71606.546875,0,2026-03-13 19:06:14.883439,-0.04930595039659719,False
2026-03-13 01:49:00+00:00,71581.4921875,71581.4921875,71581.4921875,71581.4921875,556015616,2026-03-13 19:06:14.883439,-0.1118794074357198,False
2026-03-13 01:50:00+00:00,71599.7890625,71599.7890625,71599.7890625,71599.7890625,0,2026-03-13 19:06:14.883439,-0.06618341854091932,False
2026-03-13 01:51:00+00:00,71586.3359375,71586.3359375,71586.3359375,71586.3359375,9338880,2026-03-13 19:06:14.883439,-0.09978226263863342,False
2026-03-13 01:52:00+00:00,71601.25,71601.25,71601.25,71601.25,0,2026-03-13 19:06:14.883439,-0.06253476357792713,False
2026-03-13 01:53:00+00:00,71628.5078125,71628.5078125,71628.5078125,71628.5078125,0,2026-03-13 19:06:14.883439,0.005540943191483151,False
2026-03-13 01:54:00+00:00,71597.703125,71597.703125,71597.703125,71597.703125,0,2026-03-13 19:06:14.883439,-0.07139299541321296,False
2026-03-13 01:55:00+00:00,71684.4375,71684.4375,71684.4375,71684.4375,135053312,2026-03-13 19:06:14.883439,0.1452239425500983,False
2026-03-13 01:56:00+00:00,71654.03125,71654.03125,71654.03125,71654.03125,1347584,2026-03-13 19:06:14.883439,0.06928509166258186,False
2026-03-13 01:58:00+00:00,71651.28125,71651.28125,71651.28125,71651.28125,0,2026-03-13 19:06:14.883439,0.0624170352616554,False
2026-03-13 01:59:00+00:00,71636.0703125,71636.0703125,71636.0703125,71636.0703125,0,2026-03-13 19:06:14.883439,0.024428098294030916,False
2026-03-13 02:00:00+00:00,71657.53125,71657.53125,71657.53125,71657.53125,0,2026-03-13 19:06:14.883439,0.07802625435467009,False
2026-03-13 02:01:00+00:00,71586.78125,71586.78125,71586.78125,71586.78125,36061184,2026-03-13 19:06:14.883439,-0.09867010577825612,False
2026-03-13 02:02:00+00:00,71561.4609375,71561.4609375,71561.4609375,71561.4609375,0,2026-03-13 19:06:14.883439,-0.16190695462883187,False
2026-03-13 02:03:00+00:00,71566.3125,71566.3125,71566.3125,71566.3125,0,2026-03-13 19:06:14.883439,-0.1497902983078792,False
2026-03-13 02:04:00+00:00,71585.0625,71585.0625,71585.0625,71585.0625,0,2026-03-13 19:06:14.883439,-0.10296264102883516,False
2026-03-13 02:05:00+00:00,71569.4296875,71569.4296875,71569.4296875,71569.4296875,0,2026-03-13 19:06:14.883439,-0.14200520028523814,False
2026-03-13 02:07:00+00:00,71559.984375,71559.984375,71559.984375,71559.984375,0,2026-03-13 19:06:14.883439,-0.16559463263955657,False
2026-03-13 02:08:00+00:00,71523.953125,71523.953125,71523.953125,71523.953125,40960,2026-03-13 19:06:14.883439,-0.25558178071078624,False
2026-03-13 02:10:00+00:00,71543.640625,71543.640625,71543.640625,71543.640625,372080640,2026-03-13 19:06:14.883439,-0.20641274056778997,False
2026-03-13 02:12:00+00:00,71624.6015625,71624.6015625,71624.6015625,71624.6015625,16793600,2026-03-13 19:06:14.883439,-0.004214818741651026,False
2026-03-13 02:13:00+00:00,71601.15625,71601.15625,71601.15625,71601.15625,0,2026-03-13 19:06:14.883439,-0.06276890186432235,False
2026-03-13 02:14:00+00:00,71590.4375,71590.4375,71590.4375,71590.4375,8859648,2026-03-13 19:06:14.883439,-0.08953871260884254,False
2026-03-13 02:15:00+00:00,71574.1171875,71574.1171875,71574.1171875,71574.1171875,3858432,2026-03-13 19:06:14.883439,-0.13029828596547713,False
2026-03-13 02:17:00+00:00,71535.921875,71535.921875,71535.921875,71535.921875,27303936,2026-03-13 19:06:14.883439,-0.2256901261476631,False
2026-03-13 02:18:00+00:00,71455.203125,71455.203125,71455.203125,71455.203125,389120,2026-03-13 19:06:14.883439,-0.4272831907339477,False
2026-03-13 02:19:00+00:00,71527.7578125,71527.7578125,71527.7578125,71527.7578125,35246080,2026-03-13 19:06:14.883439,-0.24607966858791352,False
2026-03-13 02:21:00+00:00,71546.7421875,71546.7421875,71546.7421875,71546.7421875,0,2026-03-13 19:06:14.883439,-0.19866666559288143,False
2026-03-13 02:22:00+00:00,71489.3203125,71489.3203125,71489.3203125,71489.3203125,0,2026-03-13 19:06:14.883439,-0.34207636600995384,False
2026-03-13 02:23:00+00:00,71486.1640625,71486.1640625,71486.1640625,71486.1640625,0,2026-03-13 19:06:14.883439,-0.3499590216519262,False
2026-03-13 02:24:00+00:00,71492.21875,71492.21875,71492.21875,71492.21875,9175040,2026-03-13 19:06:14.883439,-0.3348375906555683,False
2026-03-13 02:25:00+00:00,71476.5078125,71476.5078125,71476.5078125,71476.5078125,22986752,2026-03-13 19:06:14.883439,-0.37407526515063394,False
2026-03-13 02:26:00+00:00,71484.9609375,71484.9609375,71484.9609375,71484.9609375,0,2026-03-13 19:06:14.883439,-0.35296379632733155,False
2026-03-13 02:27:00+00:00,71480.2890625,71480.2890625,71480.2890625,71480.2890625,12369920,2026-03-13 19:06:14.883439,-0.36463168759936004,False
2026-03-13 02:29:00+00:00,71471.4921875,71471.4921875,71471.4921875,71471.4921875,0,2026-03-13 19:06:14.883439,-0.3866016634727782,False
2026-03-13 02:31:00+00:00,71477.5625,71477.5625,71477.5625,71477.5625,0,2026-03-13 19:06:14.883439,-0.3714412094286877,False
2026-03-13 02:32:00+00:00,71424.5703125,71424.5703125,71424.5703125,71424.5703125,1265664,2026-03-13 19:06:14.883439,-0.503787875813586,False
2026-03-13 02:33:00+00:00,71397.9609375,71397.9609375,71397.9609375,71397.9609375,942080,2026-03-13 19:06:14.883439,-0.570244126102096,False
2026-03-13 02:34:00+00:00,71377.59375,71377.59375,71377.59375,71377.59375,0,2026-03-13 19:06:14.883439,-0.6211106688214576,False
2026-03-13 02:35:00+00:00,71358.046875,71358.046875,71358.046875,71358.046875,5832704,2026-03-13 19:06:14.883439,-0.6699285015348609,False
2026-03-13 02:36:00+00:00,71366.203125,71366.203125,71366.203125,71366.203125,0,2026-03-13 19:06:14.883439,-0.6495584706184768,False
2026-03-13 02:37:00+00:00,71341.25,71341.25,71341.25,71341.25,0,2026-03-13 19:06:14.883439,-0.7118782778473379,False
2026-03-13 02:38:00+00:00,71351.5390625,71351.5390625,71351.5390625,71351.5390625,0,2026-03-13 19:06:14.883439,-0.6861816009154625,False
2026-03-13 02:39:00+00:00,71349.2890625,71349.2890625,71349.2890625,71349.2890625,0,2026-03-13 19:06:14.883439,-0.6918009197889478,False
2026-03-13 02:41:00+00:00,71250.734375,71250.734375,71250.734375,71250.734375,412168192,2026-03-13 19:06:14.883439,-0.9379387933619231,False
2026-03-13 02:42:00+00:00,71286.5,71286.5,71286.5,71286.5,0,2026-03-13 19:06:14.883439,-0.8486150371021466,False
2026-03-13 02:43:00+00:00,71265.1328125,71265.1328125,71265.1328125,71265.1328125,11739136,2026-03-13 19:06:14.883439,-0.9019790548763905,False
2026-03-13 02:44:00+00:00,71180.65625,71180.65625,71180.65625,71180.65625,0,2026-03-13 19:06:14.883439,-1.1129571624423502,False
2026-03-13 02:45:00+00:00,71183.6875,71183.6875,71183.6875,71183.6875,11448320,2026-03-13 19:06:14.883439,-1.105386691182238,False
2026-03-13 02:46:00+00:00,71198.8984375,71198.8984375,71198.8984375,71198.8984375,142553088,2026-03-13 19:06:14.883439,-1.0673977542146136,False
2026-03-13 02:48:00+00:00,71221.546875,71221.546875,71221.546875,71221.546875,0,2026-03-13 19:06:14.883439,-1.0108338465263016,False
2026-03-13 02:49:00+00:00,71235.140625,71235.140625,71235.140625,71235.140625,0,2026-03-13 19:06:14.883439,-0.9768837949989947,False
2026-03-13 02:50:00+00:00,71254.1171875,71254.1171875,71254.1171875,71254.1171875,5836800,2026-03-13 19:06:14.883439,-0.9294903035278289,False
2026-03-13 02:51:00+00:00,71226.96875,71226.96875,71226.96875,71226.96875,6905856,2026-03-13 19:06:14.883439,-0.9972928489631114,False
2026-03-13 02:52:00+00:00,71184.8828125,71184.8828125,71184.8828125,71184.8828125,0,2026-03-13 19:06:14.883439,-1.102401428030699,False
2026-03-13 02:53:00+00:00,71135.265625,71135.265625,71135.265625,71135.265625,0,2026-03-13 19:06:14.883439,-1.2263191161053693,False
2026-03-13 02:55:00+00:00,71095.921875,71095.921875,71095.921875,71095.921875,0,2026-03-13 19:06:14.883439,-1.3245791502958968,False
2026-03-13 02:56:00+00:00,71113.421875,71113.421875,71113.421875,71113.421875,6094848,2026-03-13 19:06:14.883439,-1.2808733368354557,False
2026-03-13 02:57:00+00:00,71125.9375,71125.9375,71125.9375,71125.9375,1998848,2026-03-13 19:06:14.883439,-1.2496158756016937,False
2026-03-13 02:58:00+00:00,71137.8046875,71137.8046875,71137.8046875,71137.8046875,313917440,2026-03-13 19:06:14.883439,-1.219977870848832,False
2026-03-13 02:59:00+00:00,71166.265625,71166.265625,71166.265625,71166.265625,4390912,2026-03-13 19:06:14.883439,-1.1488973894040164,False
2026-03-13 03:01:00+00:00,71170.2734375,71170.2734375,71170.2734375,71170.2734375,0,2026-03-13 19:06:14.883439,-1.1388879776606209,False
2026-03-13 03:02:00+00:00,71164.3203125,71164.3203125,71164.3203125,71164.3203125,0,2026-03-13 19:06:14.883439,-1.1537557588467173,False
2026-03-13 03:04:00+00:00,71197.25,71197.25,71197.25,71197.25,7442432,2026-03-13 19:06:14.883439,-1.071514685750396,False
2026-03-13 03:05:00+00:00,71153.25,71153.25,71153.25,71153.25,0,2026-03-13 19:06:14.883439,-1.1814035881652196,False
2026-03-13 03:07:00+00:00,71131.25,71131.25,71131.25,71131.25,67428352,2026-03-13 19:06:14.883439,-1.2363480393726312,False
2026-03-13 03:08:00+00:00,71182.6640625,71182.6640625,71182.6640625,71182.6640625,27836416,2026-03-13 19:06:14.883439,-1.1079427008087193,False
2026-03-13 03:09:00+00:00,71241.5078125,71241.5078125,71241.5078125,71241.5078125,0,2026-03-13 19:06:14.883439,-0.960981903047986,False
2026-03-13 03:10:00+00:00,71236.796875,71236.796875,71236.796875,71236.796875,61399040,2026-03-13 19:06:14.883439,-0.9727473519393458,False
2026-03-13 03:12:00+00:00,71212.9609375,71212.9609375,71212.9609375,71212.9609375,987136,2026-03-13 19:06:14.883439,-1.0322770112553306,False
2026-03-13 03:13:00+00:00,71208.578125,71208.578125,71208.578125,71208.578125,0,2026-03-13 19:06:14.883439,-1.043222976144307,False
2026-03-13 03:14:00+00:00,71214.3515625,71214.3515625,71214.3515625,71214.3515625,0,2026-03-13 19:06:14.883439,-1.0288039600071348,False
2026-03-13 03:15:00+00:00,71191.2265625,71191.2265625,71191.2265625,71191.2265625,2875392,2026-03-13 19:06:14.883439,-1.0865580706512892,False
2026-03-13 03:16:00+00:00,71171.3984375,71171.3984375,71171.3984375,71171.3984375,11440128,2026-03-13 19:06:14.883439,-1.1360783182238783,False
2026-03-13 03:17:00+00:00,71169.0234375,71169.0234375,71169.0234375,71169.0234375,0,2026-03-13 19:06:14.883439,-1.1420098214792238,False
2026-03-13 03:19:00+00:00,71187.171875,71187.171875,71187.171875,71187.171875,28336128,2026-03-13 19:06:14.883439,-1.0966845515378825,False
2026-03-13 03:20:00+00:00,71228.25,71228.25,71228.25,71228.25,135168,2026-03-13 19:06:14.883439,-0.9940929590490434,False
2026-03-13 03:22:00+00:00,71253.5625,71253.5625,71253.5625,71253.5625,141369344,2026-03-13 19:06:14.883439,-0.930875621722334,False
2026-03-13 03:24:00+00:00,71249.2421875,71249.2421875,71249.2421875,71249.2421875,0,2026-03-13 19:06:14.883439,-0.9416654944203803,False
2026-03-13 03:25:00+00:00,71269.6640625,71269.6640625,71269.6640625,71269.6640625,92246016,2026-03-13 19:06:14.883439,-0.8906623710339548,False
2026-03-13 03:26:00+00:00,71258.484375,71258.484375,71258.484375,71258.484375,0,2026-03-13 19:06:14.883439,-0.9185833616865848,False
2026-03-13 03:28:00+00:00,71153.5,71153.5,71153.5,71153.5,2760704,2026-03-13 19:06:14.883439,-1.180779219401499,False
2026-03-13 03:29:00+00:00,71098.7109375,71098.7109375,71098.7109375,71098.7109375,2498560,2026-03-13 19:06:14.883439,-1.317613536275639,False
2026-03-13 03:31:00+00:00,71069.421875,71069.421875,71069.421875,71069.421875,0,2026-03-13 19:06:14.883439,-1.390762239250279,False
2026-03-13 03:33:00+00:00,71072.2890625,71072.2890625,71072.2890625,71072.2890625,7032832,2026-03-13 19:06:14.883439,-1.3836015099913586,False
2026-03-13 03:35:00+00:00,71157.9765625,71157.9765625,71157.9765625,71157.9765625,0,2026-03-13 19:06:14.883439,-1.1695991162261272,False
2026-03-13 03:37:00+00:00,71061.0859375,71061.0859375,71061.0859375,71061.0859375,291536896,2026-03-13 19:06:14.883439,-1.4115810352155873,False
2026-03-13 03:39:00+00:00,71045.5234375,71045.5234375,71045.5234375,71045.5234375,0,2026-03-13 19:06:14.883439,-1.4504479907571939,False
2026-03-13 03:41:00+00:00,71080.8203125,71080.8203125,71080.8203125,71080.8203125,3330048,2026-03-13 19:06:14.883439,-1.3622949259293935,False
2026-03-13 03:43:00+00:00,71103.6796875,71103.6796875,71103.6796875,71103.6796875,0,2026-03-13 19:06:14.883439,-1.3052042070966923,False
2026-03-13 03:44:00+00:00,71115.671875,71115.671875,71115.671875,71115.671875,802816,2026-03-13 19:06:14.883439,-1.2752540179619702,False
2026-03-13 03:45:00+00:00,71130.0078125,71130.0078125,71130.0078125,71130.0078125,11165696,2026-03-13 19:06:14.883439,-1.239450371667368,False
2026-03-13 03:46:00+00:00,71154.515625,71154.515625,71154.515625,71154.515625,911421440,2026-03-13 19:06:14.883439,-1.1782427212988842,False
2026-03-13 03:47:00+00:00,71173.5390625,71173.5390625,71173.5390625,71173.5390625,12038144,2026-03-13 19:06:14.883439,-1.1307321606845206,False
2026-03-13 03:49:00+00:00,71213.5234375,71213.5234375,71213.5234375,71213.5234375,180113408,2026-03-13 19:06:14.883439,-1.0308721815369593,False
2026-03-13 03:50:00+00:00,71184.953125,71184.953125,71184.953125,71184.953125,5218304,2026-03-13 19:06:14.883439,-1.1022258243159027,False
2026-03-13 03:51:00+00:00,71243.2421875,71243.2421875,71243.2421875,71243.2421875,32096256,2026-03-13 19:06:14.883439,-0.9566503447496744,False
2026-03-13 03:53:00+00:00,71278.0078125,71278.0078125,71278.0078125,71278.0078125,0,2026-03-13 19:06:14.883439,-0.8698240635447803,False
2026-03-13 03:54:00+00:00,71329.625,71329.625,71329.625,71329.625,9519104,2026-03-13 19:06:14.883439,-0.7409114253603453,False
2026-03-13 03:55:00+00:00,71445.34375,71445.34375,71445.34375,71445.34375,0,2026-03-13 19:06:14.883439,-0.45190673385317837,False
2026-03-13 03:57:00+00:00,71396.71875,71396.71875,71396.71875,71396.71875,0,2026-03-13 19:06:14.883439,-0.5733464583968326,False
2026-03-13 03:58:00+00:00,71391.9375,71391.9375,71391.9375,71391.9375,0,2026-03-13 19:06:14.883439,-0.5852875110029888,False
2026-03-13 03:59:00+00:00,71403.625,71403.625,71403.625,71403.625,7630848,2026-03-13 19:06:14.883439,-0.5560982712990514,False
2026-03-13 04:00:00+00:00,71404.71875,71404.71875,71404.71875,71404.71875,983040,2026-03-13 19:06:14.883439,-0.5533666579577738,False
2026-03-13 04:01:00+00:00,71391.2109375,71391.2109375,71391.2109375,71391.2109375,23453696,2026-03-13 19:06:14.883439,-0.5871020827225518,False
2026-03-13 04:02:00+00:00,71405.265625,71405.265625,71405.265625,71405.265625,0,2026-03-13 19:06:14.883439,-0.552000851287135,False
2026-03-13 04:03:00+00:00,71379.25,71379.25,71379.25,71379.25,0,2026-03-13 19:06:14.883439,-0.6169742257618086,False
2026-03-13 04:04:00+00:00,71381.8046875,71381.8046875,71381.8046875,71381.8046875,72597504,2026-03-13 19:06:14.883439,-0.6105939574575389,False
2026-03-13 04:05:00+00:00,71390.53125,71390.53125,71390.53125,71390.53125,7487488,2026-03-13 19:06:14.883439,-0.5887995852989172,False
2026-03-13 04:07:00+00:00,71364.609375,71364.609375,71364.609375,71364.609375,31318016,2026-03-13 19:06:14.883439,-0.6535388214871956,False
2026-03-13 04:08:00+00:00,71406.3984375,71406.3984375,71406.3984375,71406.3984375,0,2026-03-13 19:06:14.883439,-0.5491716803265261,False
2026-03-13 04:09:00+00:00,71399.0625,71399.0625,71399.0625,71399.0625,0,2026-03-13 19:06:14.883439,-0.5674930012369521,False
2026-03-13 04:10:00+00:00,71453.8828125,71453.8828125,71453.8828125,71453.8828125,0,2026-03-13 19:06:14.883439,-0.4305806382673471,False
2026-03-13 04:11:00+00:00,71477.6015625,71477.6015625,71477.6015625,71477.6015625,36220928,2026-03-13 19:06:14.883439,-0.37134365180935636,False
2026-03-13 04:13:00+00:00,71435.3828125,71435.3828125,71435.3828125,71435.3828125,0,2026-03-13 19:06:14.883439,-0.47678392678267056,False
2026-03-13 04:14:00+00:00,71366.109375,71366.109375,71366.109375,71366.109375,7696384,2026-03-13 19:06:14.883439,-0.649792608904872,False
2026-03-13 04:15:00+00:00,71367.65625,71367.65625,71367.65625,71367.65625,0,2026-03-13 19:06:14.883439,-0.6459293271793509,False
2026-03-13 04:16:00+00:00,71340.0859375,71340.0859375,71340.0859375,71340.0859375,0,2026-03-13 19:06:14.883439,-0.7147854949034119,False
2026-03-13 04:17:00+00:00,71347.296875,71347.296875,71347.296875,71347.296875,2977792,2026-03-13 19:06:14.883439,-0.6967763583748462,False
2026-03-13 04:19:00+00:00,71317.71875,71317.71875,71317.71875,71317.71875,2048000,2026-03-13 19:06:14.883439,-0.7706469877325383,False
2026-03-13 04:20:00+00:00,71328.59375,71328.59375,71328.59375,71328.59375,6971392,2026-03-13 19:06:14.883439,-0.7434869465106927,False
2026-03-13 04:21:00+00:00,71336.1640625,71336.1640625,71336.1640625,71336.1640625,0,2026-03-13 19:06:14.883439,-0.7245802798842786,False
2026-03-13 04:23:00+00:00,71274.59375,71274.59375,71274.59375,71274.59375,0,2026-03-13 19:06:14.883439,-0.8783505994743395,False
2026-03-13 04:25:00+00:00,71321.9921875,71321.9921875,71321.9921875,71321.9921875,34050048,2026-03-13 19:06:14.883439,-0.7599741841776894,False
2026-03-13 04:27:00+00:00,71299.8828125,71299.8828125,71299.8828125,71299.8828125,33824768,2026-03-13 19:06:14.883439,-0.8151917967192288,False
2026-03-13 04:28:00+00:00,71296.328125,71296.328125,71296.328125,71296.328125,158609408,2026-03-13 19:06:14.883439,-0.824069540078381,False
2026-03-13 04:29:00+00:00,71264.125,71264.125,71264.125,71264.125,0,2026-03-13 19:06:14.883439,-0.9044960414551391,False
2026-03-13 04:31:00+00:00,71296.375,71296.375,71296.375,71296.375,152293376,2026-03-13 19:06:14.883439,-0.8239524709351833,False
2026-03-13 04:32:00+00:00,71303.28125,71303.28125,71303.28125,71303.28125,0,2026-03-13 19:06:14.883439,-0.8067042838374021,False
2026-03-13 04:33:00+00:00,71317.84375,71317.84375,71317.84375,71317.84375,49192960,2026-03-13 19:06:14.883439,-0.7703348033506779,False
2026-03-13 04:34:00+00:00,71342.0625,71342.0625,71342.0625,71342.0625,67596288,2026-03-13 19:06:14.883439,-0.709849079365246,False
2026-03-13 04:36:00+00:00,71307.6015625,71307.6015625,71307.6015625,71307.6015625,9142272,2026-03-13 19:06:14.883439,-0.7959144111393557,False
2026-03-13 04:37:00+00:00,71309.0390625,71309.0390625,71309.0390625,71309.0390625,0,2026-03-13 19:06:14.883439,-0.7923242907479623,False
2026-03-13 04:38:00+00:00,71315.53125,71315.53125,71315.53125,71315.53125,0,2026-03-13 19:06:14.883439,-0.7761102144150933,False
2026-03-13 04:40:00+00:00,71371.171875,71371.171875,71371.171875,71371.171875,0,2026-03-13 19:06:14.883439,-0.6371491414395302,False
2026-03-13 04:41:00+00:00,71374.90625,71374.90625,71374.90625,71374.90625,0,2026-03-13 19:06:14.883439,-0.6278226330314539,False
2026-03-13 04:43:00+00:00,71386.5859375,71386.5859375,71386.5859375,71386.5859375,90959872,2026-03-13 19:06:14.883439,-0.5986529048513827,False
2026-03-13 04:44:00+00:00,71386.5703125,71386.5703125,71386.5703125,71386.5703125,0,2026-03-13 19:06:14.883439,-0.5986919278991152,False
2026-03-13 04:45:00+00:00,71408.34375,71408.34375,71408.34375,71408.34375,958464,2026-03-13 19:06:14.883439,-0.5443133108838253,False
2026-03-13 04:46:00+00:00,71398.0546875,71398.0546875,71398.0546875,71398.0546875,173723648,2026-03-13 19:06:14.883439,-0.5700099878157008,False
2026-03-13 04:47:00+00:00,71387.859375,71387.859375,71387.859375,71387.859375,0,2026-03-13 19:06:14.883439,-0.595472526461181,False
2026-03-13 04:49:00+00:00,71379.3984375,71379.3984375,71379.3984375,71379.3984375,72966144,2026-03-13 19:06:14.883439,-0.6166035068083495,False
2026-03-13 04:50:00+00:00,71355.3671875,71355.3671875,71355.3671875,71355.3671875,1155072,2026-03-13 19:06:14.883439,-0.676620954220991,False
2026-03-13 04:51:00+00:00,71366.109375,71366.109375,71366.109375,71366.109375,0,2026-03-13 19:06:14.883439,-0.649792608904872,False
2026-03-13 04:52:00+00:00,71356.9453125,71356.9453125,71356.9453125,71356.9453125,0,2026-03-13 19:06:14.883439,-0.6726796264000048,False
2026-03-13 04:53:00+00:00,71333.3828125,71333.3828125,71333.3828125,71333.3828125,0,2026-03-13 19:06:14.883439,-0.7315263823806701,False
2026-03-13 04:55:00+00:00,71313.0078125,71313.0078125,71313.0078125,71313.0078125,55037952,2026-03-13 19:06:14.883439,-0.782412436623898,False
2026-03-13 04:56:00+00:00,71325.703125,71325.703125,71325.703125,71325.703125,1486848,2026-03-13 19:06:14.883439,-0.750706210341212,False
2026-03-13 04:57:00+00:00,71330.515625,71330.515625,71330.515625,71330.515625,0,2026-03-13 19:06:14.883439,-0.7386871116395907,False
2026-03-13 04:58:00+00:00,71332.828125,71332.828125,71332.828125,71332.828125,0,2026-03-13 19:06:14.883439,-0.7329117005751752,False
2026-03-13 04:59:00+00:00,71335.875,71335.875,71335.875,71335.875,0,2026-03-13 19:06:14.883439,-0.7253022062673306,False
2026-03-13 05:00:00+00:00,71357.265625,71357.265625,71357.265625,71357.265625,1421312,2026-03-13 19:06:14.883439,-0.6718796539214879,False
2026-03-13 05:01:00+00:00,71362.015625,71362.015625,71362.015625,71362.015625,0,2026-03-13 19:06:14.883439,-0.6600166474107967,False
2026-03-13 05:02:00+00:00,71357.2265625,71357.2265625,71357.2265625,71357.2265625,0,2026-03-13 19:06:14.883439,-0.6719772115408191,False
2026-03-13 05:03:00+00:00,71358.4375,71358.4375,71358.4375,71358.4375,376832,2026-03-13 19:06:14.883439,-0.6689529253415476,False
2026-03-13 05:04:00+00:00,71358.6640625,71358.6640625,71358.6640625,71358.6640625,204726272,2026-03-13 19:06:14.883439,-0.6683870911494257,False
2026-03-13 05:05:00+00:00,71337.90625,71337.90625,71337.90625,71337.90625,0,2026-03-13 19:06:14.883439,-0.7202292100621008,False
2026-03-13 05:06:00+00:00,71289.515625,71289.515625,71289.515625,71289.515625,1507328,2026-03-13 19:06:14.883439,-0.841083588889767,False
2026-03-13 05:07:00+00:00,71343.0625,71343.0625,71343.0625,71343.0625,0,2026-03-13 19:06:14.883439,-0.7073516043103637,False
2026-03-13 05:08:00+00:00,71377.75,71377.75,71377.75,71377.75,0,2026-03-13 19:06:14.883439,-0.6207204383441322,False
2026-03-13 05:09:00+00:00,71409.78125,71409.78125,71409.78125,71409.78125,23572480,2026-03-13 19:06:14.883439,-0.5407231904924319,False
2026-03-13 05:10:00+00:00,71381.75,71381.75,71381.75,71381.75,55398400,2026-03-13 19:06:14.883439,-0.6107305381246028,False
2026-03-13 05:11:00+00:00,71385.078125,71385.078125,71385.078125,71385.078125,3682304,2026-03-13 19:06:14.883439,-0.6024186289575725,False
2026-03-13 05:12:00+00:00,71285.2890625,71285.2890625,71285.2890625,71285.2890625,5406720,2026-03-13 19:06:14.883439,-0.8516393233014181,False
2026-03-13 05:13:00+00:00,71294.3828125,71294.3828125,71294.3828125,71294.3828125,240816128,2026-03-13 19:06:14.883439,-0.8289279095210818,False
2026-03-13 05:14:00+00:00,71250.8984375,71250.8984375,71250.8984375,71250.8984375,0,2026-03-13 19:06:14.883439,-0.9375290513607314,False
2026-03-13 05:16:00+00:00,71291.640625,71291.640625,71291.640625,71291.640625,0,2026-03-13 19:06:14.883439,-0.835776454398142,False
2026-03-13 05:17:00+00:00,71287.265625,71287.265625,71287.265625,71287.265625,0,2026-03-13 19:06:14.883439,-0.8467029077632523,False
2026-03-13 05:19:00+00:00,71333.625,71333.625,71333.625,71333.625,0,2026-03-13 19:06:14.883439,-0.7309215251408159,False
2026-03-13 05:20:00+00:00,71337.5546875,71337.5546875,71337.5546875,71337.5546875,2072576,2026-03-13 19:06:14.883439,-0.7211072286360829,False
2026-03-13 05:22:00+00:00,71353.4609375,71353.4609375,71353.4609375,71353.4609375,39690240,2026-03-13 19:06:14.883439,-0.6813817660443605,False
2026-03-13 05:23:00+00:00,71422.9296875,71422.9296875,71422.9296875,71422.9296875,0,2026-03-13 19:06:14.883439,-0.5078852958255023,False
2026-03-13 05:25:00+00:00,71371.6953125,71371.6953125,71371.6953125,71371.6953125,0,2026-03-13 19:06:14.883439,-0.6358418693404901,False
2026-03-13 05:26:00+00:00,71366.75,71366.75,71366.75,71366.75,0,2026-03-13 19:06:14.883439,-0.648192663947838,False
2026-03-13 05:27:00+00:00,71406.5078125,71406.5078125,71406.5078125,71406.5078125,37363712,2026-03-13 19:06:14.883439,-0.5488985189923984,False
2026-03-13 05:28:00+00:00,71428.2421875,71428.2421875,71428.2421875,71428.2421875,145096704,2026-03-13 19:06:14.883439,-0.4946174595964398,False
2026-03-13 05:29:00+00:00,71431.7578125,71431.7578125,71431.7578125,71431.7578125,6594560,2026-03-13 19:06:14.883439,-0.48583727385661907,False
2026-03-13 05:31:00+00:00,71440.1796875,71440.1796875,71440.1796875,71440.1796875,0,2026-03-13 19:06:14.883439,-0.46480385112878175,False
2026-03-13 05:32:00+00:00,71464.328125,71464.328125,71464.328125,71464.328125,0,2026-03-13 19:06:14.883439,-0.40449373085814627,False
2026-03-13 05:33:00+00:00,71463.1640625,71463.1640625,71463.1640625,71463.1640625,380928,2026-03-13 19:06:14.883439,-0.40740094791422027,False
2026-03-13 05:34:00+00:00,71547.421875,71547.421875,71547.421875,71547.421875,0,2026-03-13 19:06:14.883439,-0.1969691630165161,False
2026-03-13 05:36:00+00:00,71560.0625,71560.0625,71560.0625,71560.0625,0,2026-03-13 19:06:14.883439,-0.1653995174008939,False
2026-03-13 05:37:00+00:00,71550.5078125,71550.5078125,71550.5078125,71550.5078125,61386752,2026-03-13 19:06:14.883439,-0.18926211108934007,False
2026-03-13 05:38:00+00:00,71588.703125,71588.703125,71588.703125,71588.703125,0,2026-03-13 19:06:14.883439,-0.09387027090715411,False
2026-03-13 05:39:00+00:00,71562.2265625,71562.2265625,71562.2265625,71562.2265625,0,2026-03-13 19:06:14.883439,-0.15999482528993755,False
2026-03-13 05:41:00+00:00,71573.4140625,71573.4140625,71573.4140625,71573.4140625,126636032,2026-03-13 19:06:14.883439,-0.13205432311344129,False
2026-03-13 05:43:00+00:00,71565.765625,71565.765625,71565.765625,71565.765625,38100992,2026-03-13 19:06:14.883439,-0.151156104978518,False
2026-03-13 05:44:00+00:00,71599.640625,71599.640625,71599.640625,71599.640625,2813952,2026-03-13 19:06:14.883439,-0.06655413749437841,False
2026-03-13 05:45:00+00:00,71605.7578125,71605.7578125,71605.7578125,71605.7578125,5545984,2026-03-13 19:06:14.883439,-0.051276614307090296,False
2026-03-13 05:47:00+00:00,71593.53125,71593.53125,71593.53125,71593.53125,0,2026-03-13 19:06:14.883439,-0.08181214915780026,False
2026-03-13 05:49:00+00:00,71517.3828125,71517.3828125,71517.3828125,71517.3828125,0,2026-03-13 19:06:14.883439,-0.2719909722823179,False
2026-03-13 05:50:00+00:00,71520.8984375,71520.8984375,71520.8984375,71520.8984375,4870144,2026-03-13 19:06:14.883439,-0.26321078654249713,False
2026-03-13 05:51:00+00:00,71488.671875,71488.671875,71488.671875,71488.671875,3223552,2026-03-13 19:06:14.883439,-0.3436958224908541,False
2026-03-13 05:52:00+00:00,71508.578125,71508.578125,71508.578125,71508.578125,24981504,2026-03-13 19:06:14.883439,-0.29398045967960235,False
2026-03-13 05:53:00+00:00,71544.3359375,71544.3359375,71544.3359375,71544.3359375,4038656,2026-03-13 19:06:14.883439,-0.2046762149436921,False
2026-03-13 05:55:00+00:00,71546.015625,71546.015625,71546.015625,71546.015625,135933952,2026-03-13 19:06:14.883439,-0.20048123731244438,False
2026-03-13 05:56:00+00:00,71554.8359375,71554.8359375,71554.8359375,71554.8359375,4382720,2026-03-13 19:06:14.883439,-0.1784527268674274,False
2026-03-13 05:58:00+00:00,71608.5859375,71608.5859375,71608.5859375,71608.5859375,26419200,2026-03-13 19:06:14.883439,-0.04421344266750115,False
2026-03-13 05:59:00+00:00,71604.609375,71604.609375,71604.609375,71604.609375,4104192,2026-03-13 19:06:14.883439,-0.05414480831543174,False
2026-03-13 06:00:00+00:00,71569.609375,71569.609375,71569.609375,71569.609375,3338240,2026-03-13 19:06:14.883439,-0.14155643523631398,False
2026-03-13 06:01:00+00:00,71584.1171875,71584.1171875,71584.1171875,71584.1171875,0,2026-03-13 19:06:14.883439,-0.10532353541665364,False
2026-03-13 06:02:00+00:00,71537.53125,71537.53125,71537.53125,71537.53125,0,2026-03-13 19:06:14.883439,-0.22167075223121183,False
2026-03-13 06:03:00+00:00,71487.046875,71487.046875,71487.046875,71487.046875,45056,2026-03-13 19:06:14.883439,-0.3477542194550379,False
2026-03-13 06:04:00+00:00,71489.4375,71489.4375,71489.4375,71489.4375,0,2026-03-13 19:06:14.883439,-0.3417836931519598,False
2026-03-13 06:05:00+00:00,71481.8125,71481.8125,71481.8125,71481.8125,9207808,2026-03-13 19:06:14.883439,-0.3608269404454377,False
2026-03-13 06:06:00+00:00,71479.6953125,71479.6953125,71479.6953125,71479.6953125,0,2026-03-13 19:06:14.883439,-0.3661145634131964,False
2026-03-13 06:07:00+00:00,71504.9296875,71504.9296875,71504.9296875,71504.9296875,601096192,2026-03-13 19:06:14.883439,-0.3030923413251497,False
2026-03-13 06:08:00+00:00,71518.34375,71518.34375,71518.34375,71518.34375,0,2026-03-13 19:06:14.883439,-0.2695910548467669,False
2026-03-13 06:09:00+00:00,71536.984375,71536.984375,71536.984375,71536.984375,3084288,2026-03-13 19:06:14.883439,-0.22303655890185062,False
2026-03-13 06:10:00+00:00,71545.7265625,71545.7265625,71545.7265625,71545.7265625,19283968,2026-03-13 19:06:14.883439,-0.20120316369549632,False
2026-03-13 06:11:00+00:00,71542.03125,71542.03125,71542.03125,71542.03125,0,2026-03-13 19:06:14.883439,-0.21043211448424126,False
2026-03-13 06:12:00+00:00,71526.09375,71526.09375,71526.09375,71526.09375,2048000,2026-03-13 19:06:14.883439,-0.25023562317142867,False
2026-03-13 06:13:00+00:00,71514.9296875,71514.9296875,71514.9296875,71514.9296875,19152896,2026-03-13 19:06:14.883439,-0.27811759077632614,False
2026-03-13 06:14:00+00:00,71474.4609375,71474.4609375,71474.4609375,71474.4609375,0,2026-03-13 19:06:14.883439,-0.3791872844035962,False
2026-03-13 06:15:00+00:00,71471.53125,71471.53125,71471.53125,71471.53125,0,2026-03-13 19:06:14.883439,-0.38650410585344686,False
2026-03-13 06:16:00+00:00,71485.1875,71485.1875,71485.1875,71485.1875,126971904,2026-03-13 19:06:14.883439,-0.3523979621352098,False
2026-03-13 06:17:00+00:00,71483.3984375,71483.3984375,71483.3984375,71483.3984375,2772992,2026-03-13 19:06:14.883439,-0.35686610110058525,False
2026-03-13 06:19:00+00:00,71484.921875,71484.921875,71484.921875,71484.921875,13697024,2026-03-13 19:06:14.883439,-0.35306135394666294,False
2026-03-13 06:20:00+00:00,71470.5625,71470.5625,71470.5625,71470.5625,0,2026-03-13 19:06:14.883439,-0.3889235348128641,False
2026-03-13 06:21:00+00:00,71481.921875,71481.921875,71481.921875,71481.921875,1859584,2026-03-13 19:06:14.883439,-0.36055377911131,False
2026-03-13 06:22:00+00:00,71472.375,71472.375,71472.375,71472.375,0,2026-03-13 19:06:14.883439,-0.3843968612758899,False
2026-03-13 06:23:00+00:00,71459.25,71459.25,71459.25,71459.25,5722112,2026-03-13 19:06:14.883439,-0.41717622137122073,False
2026-03-13 06:25:00+00:00,71466.3828125,71466.3828125,71466.3828125,71466.3828125,0,2026-03-13 19:06:14.883439,-0.39936220008131773,False
2026-03-13 06:26:00+00:00,71390.46875,71390.46875,71390.46875,71390.46875,0,2026-03-13 19:06:14.883439,-0.5889556774898473,False
2026-03-13 06:27:00+00:00,71376.015625,71376.015625,71376.015625,71376.015625,0,2026-03-13 19:06:14.883439,-0.6250519966424437,False
2026-03-13 06:28:00+00:00,71358.3828125,71358.3828125,71358.3828125,71358.3828125,169615360,2026-03-13 19:06:14.883439,-0.6690895060086114,False
2026-03-13 06:29:00+00:00,71270.578125,71270.578125,71270.578125,71270.578125,11423744,2026-03-13 19:06:14.883439,-0.8883795227416015,False
2026-03-13 06:31:00+00:00,71271.2734375,71271.2734375,71271.2734375,71271.2734375,28631040,2026-03-13 19:06:14.883439,-0.8866429971175036,False
2026-03-13 06:32:00+00:00,71287.5625,71287.5625,71287.5625,71287.5625,0,2026-03-13 19:06:14.883439,-0.845961469856334,False
2026-03-13 06:33:00+00:00,71317.5390625,71317.5390625,71317.5390625,71317.5390625,8765440,2026-03-13 19:06:14.883439,-0.7710957527814624,False
2026-03-13 06:34:00+00:00,71287.328125,71287.328125,71287.328125,71287.328125,124026880,2026-03-13 19:06:14.883439,-0.8465468155723221,False
2026-03-13 06:35:00+00:00,71230.6328125,71230.6328125,71230.6328125,71230.6328125,0,2026-03-13 19:06:14.883439,-0.9881419442698315,False
2026-03-13 06:36:00+00:00,71257.859375,71257.859375,71257.859375,71257.859375,20365312,2026-03-13 19:06:14.883439,-0.9201442835958863,False
2026-03-13 06:37:00+00:00,71237.1484375,71237.1484375,71237.1484375,71237.1484375,0,2026-03-13 19:06:14.883439,-0.9718693333653637,False
2026-03-13 06:38:00+00:00,71193.234375,71193.234375,71193.234375,71193.234375,954368,2026-03-13 19:06:14.883439,-1.0815436090176582,False
2026-03-13 06:39:00+00:00,71260.3984375,71260.3984375,71260.3984375,71260.3984375,6787072,2026-03-13 19:06:14.883439,-0.9138030383393491,False
2026-03-13 06:40:00+00:00,71286.5390625,71286.5390625,71286.5390625,71286.5390625,185040896,2026-03-13 19:06:14.883439,-0.8485174794828152,False
2026-03-13 06:41:00+00:00,71321.5859375,71321.5859375,71321.5859375,71321.5859375,7962624,2026-03-13 19:06:14.883439,-0.7609887834187353,False
2026-03-13 06:43:00+00:00,71304.0703125,71304.0703125,71304.0703125,71304.0703125,116289536,2026-03-13 19:06:14.883439,-0.8047336199269091,False
2026-03-13 06:44:00+00:00,71260.671875,71260.671875,71260.671875,71260.671875,8908800,2026-03-13 19:06:14.883439,-0.9131201350040297,False
2026-03-13 06:45:00+00:00,71253.3359375,71253.3359375,71253.3359375,71253.3359375,0,2026-03-13 19:06:14.883439,-0.9314414559144557,False
2026-03-13 06:46:00+00:00,71235.25,71235.25,71235.25,71235.25,106323968,2026-03-13 19:06:14.883439,-0.9766106336648669,False
2026-03-13 06:47:00+00:00,71241.515625,71241.515625,71241.515625,71241.515625,1810432,2026-03-13 19:06:14.883439,-0.9609623915241198,False
2026-03-13 06:48:00+00:00,71295.2265625,71295.2265625,71295.2265625,71295.2265625,4272128,2026-03-13 19:06:14.883439,-0.8268206649435248,False
2026-03-13 06:49:00+00:00,71259.4296875,71259.4296875,71259.4296875,71259.4296875,31272960,2026-03-13 19:06:14.883439,-0.9162224672987664,False
2026-03-13 06:50:00+00:00,71239.546875,71239.546875,71239.546875,71239.546875,0,2026-03-13 19:06:14.883439,-0.9658792955384193,False
2026-03-13 06:51:00+00:00,71275.09375,71275.09375,71275.09375,71275.09375,2666496,2026-03-13 19:06:14.883439,-0.8771018619468983,False
2026-03-13 06:52:00+00:00,71294.765625,71294.765625,71294.765625,71294.765625,36274176,2026-03-13 19:06:14.883439,-0.8279718448516347,False
2026-03-13 06:54:00+00:00,71297.8515625,71297.8515625,71297.8515625,71297.8515625,3756032,2026-03-13 19:06:14.883439,-0.8202647929244586,False
2026-03-13 06:55:00+00:00,71334.8359375,71334.8359375,71334.8359375,71334.8359375,0,2026-03-13 19:06:14.883439,-0.7278972389415442,False
2026-03-13 06:56:00+00:00,71358.078125,71358.078125,71358.078125,71358.078125,0,2026-03-13 19:06:14.883439,-0.6698504554393959,False
2026-03-13 06:57:00+00:00,71354.875,71354.875,71354.875,71354.875,4042752,2026-03-13 19:06:14.883439,-0.6778501802245659,False
2026-03-13 06:58:00+00:00,71351.703125,71351.703125,71351.703125,71351.703125,0,2026-03-13 19:06:14.883439,-0.6857718589142708,False
2026-03-13 06:59:00+00:00,71342.6640625,71342.6640625,71342.6640625,71342.6640625,2449408,2026-03-13 19:06:14.883439,-0.7083466920275433,False
2026-03-13 07:01:00+00:00,71324.0703125,71324.0703125,71324.0703125,71324.0703125,0,2026-03-13 19:06:14.883439,-0.754784118829262,False
2026-03-13 07:02:00+00:00,71255.9765625,71255.9765625,71255.9765625,71255.9765625,7069696,2026-03-13 19:06:14.883439,-0.924846560847657,False
2026-03-13 07:03:00+00:00,71301.9453125,71301.9453125,71301.9453125,71301.9453125,0,2026-03-13 19:06:14.883439,-0.810040754418534,False
2026-03-13 07:04:00+00:00,71359.59375,71359.59375,71359.59375,71359.59375,0,2026-03-13 19:06:14.883439,-0.6660652198093399,False
2026-03-13 07:05:00+00:00,71452.046875,71452.046875,71452.046875,71452.046875,5480448,2026-03-13 19:06:14.883439,-0.43516584637592015,False
2026-03-13 07:06:00+00:00,71388.8203125,71388.8203125,71388.8203125,71388.8203125,8159232,2026-03-13 19:06:14.883439,-0.59307260902563,False
2026-03-13 07:07:00+00:00,71460.9375,71460.9375,71460.9375,71460.9375,108900352,2026-03-13 19:06:14.883439,-0.41296173221610677,False
2026-03-13 07:08:00+00:00,71473.21875,71473.21875,71473.21875,71473.21875,6950912,2026-03-13 19:06:14.883439,-0.3822896166983329,False
2026-03-13 07:09:00+00:00,71453.7421875,71453.7421875,71453.7421875,71453.7421875,3772416,2026-03-13 19:06:14.883439,-0.43093184569693993,False
2026-03-13 07:10:00+00:00,71463.9921875,71463.9921875,71463.9921875,71463.9921875,0,2026-03-13 19:06:14.883439,-0.4053327263843958,False
2026-03-13 07:11:00+00:00,71475.5546875,71475.5546875,71475.5546875,71475.5546875,1032192,2026-03-13 19:06:14.883439,-0.37645567106231864,False
2026-03-13 07:12:00+00:00,71473.890625,71473.890625,71473.890625,71473.890625,2007040,2026-03-13 19:06:14.883439,-0.38061162564583384,False
2026-03-13 07:13:00+00:00,71494.890625,71494.890625,71494.890625,71494.890625,347541504,2026-03-13 19:06:14.883439,-0.3281646494933045,False
2026-03-13 07:14:00+00:00,71447.3828125,71447.3828125,71447.3828125,71447.3828125,1163264,2026-03-13 19:06:14.883439,-0.44681422612408234,False
2026-03-13 07:15:00+00:00,71416.0234375,71416.0234375,71416.0234375,71416.0234375,118784,2026-03-13 19:06:14.883439,-0.5251334829232835,False
2026-03-13 07:17:00+00:00,71448.1015625,71448.1015625,71448.1015625,71448.1015625,0,2026-03-13 19:06:14.883439,-0.44501916592838564,False
2026-03-13 07:19:00+00:00,71473.1953125,71473.1953125,71473.1953125,71473.1953125,19980288,2026-03-13 19:06:14.883439,-0.3823481512699317,False
2026-03-13 07:21:00+00:00,71458.3203125,71458.3203125,71458.3203125,71458.3203125,2658304,2026-03-13 19:06:14.883439,-0.41949809271130667,False
2026-03-13 07:23:00+00:00,71452.6171875,71452.6171875,71452.6171875,71452.6171875,0,2026-03-13 19:06:14.883439,-0.43374150513368254,False
2026-03-13 07:24:00+00:00,71475.859375,71475.859375,71475.859375,71475.859375,0,2026-03-13 19:06:14.883439,-0.3756947216315342,False
2026-03-13 07:25:00+00:00,71480.921875,71480.921875,71480.921875,71480.921875,17690624,2026-03-13 19:06:14.883439,-0.3630512541661923,False
2026-03-13 07:26:00+00:00,71485.703125,71485.703125,71485.703125,71485.703125,1839104,2026-03-13 19:06:14.883439,-0.3511102015600361,False
2026-03-13 07:27:00+00:00,71490.828125,71490.828125,71490.828125,71490.828125,0,2026-03-13 19:06:14.883439,-0.33831064190376403,False
2026-03-13 07:28:00+00:00,71548.0859375,71548.0859375,71548.0859375,71548.0859375,0,2026-03-13 19:06:14.883439,-0.19531068348788327,False
2026-03-13 07:29:00+00:00,71531.1328125,71531.1328125,71531.1328125,71531.1328125,2899968,2026-03-13 19:06:14.883439,-0.2376506902776856,False
2026-03-13 07:31:00+00:00,71544.4453125,71544.4453125,71544.4453125,71544.4453125,154320896,2026-03-13 19:06:14.883439,-0.20440305360956432,False
2026-03-13 07:32:00+00:00,71524.1640625,71524.1640625,71524.1640625,71524.1640625,4288512,2026-03-13 19:06:14.883439,-0.25505496956639695,False
2026-03-13 07:33:00+00:00,71459.625,71459.625,71459.625,71459.625,0,2026-03-13 19:06:14.883439,-0.41623966822563985,False
2026-03-13 07:34:00+00:00,71421.03125,71421.03125,71421.03125,71421.03125,71729152,2026-03-13 19:06:14.883439,-0.5126265961250055,False
2026-03-13 07:36:00+00:00,71460.5078125,71460.5078125,71460.5078125,71460.5078125,7479296,2026-03-13 19:06:14.883439,-0.4140348660287515,False
2026-03-13 07:37:00+00:00,71466.65625,71466.65625,71466.65625,71466.65625,0,2026-03-13 19:06:14.883439,-0.39867929674599834,False
2026-03-13 07:38:00+00:00,71519.1171875,71519.1171875,71519.1171875,71519.1171875,139264,2026-03-13 19:06:14.883439,-0.26765941398400633,False
2026-03-13 07:39:00+00:00,71490.734375,71490.734375,71490.734375,71490.734375,0,2026-03-13 19:06:14.883439,-0.33854478019015927,False
2026-03-13 07:41:00+00:00,71515.1328125,71515.1328125,71515.1328125,71515.1328125,57417728,2026-03-13 19:06:14.883439,-0.2776102911558032,False
2026-03-13 07:44:00+00:00,71569.7890625,71569.7890625,71569.7890625,71569.7890625,0,2026-03-13 19:06:14.883439,-0.1411076701873898,False
2026-03-13 07:45:00+00:00,71570.1171875,71570.1171875,71570.1171875,71570.1171875,2482176,2026-03-13 19:06:14.883439,-0.14028818618500652,False
2026-03-13 07:46:00+00:00,71573.8671875,71573.8671875,71573.8671875,71573.8671875,0,2026-03-13 19:06:14.883439,-0.1309226547291977,False
2026-03-13 07:47:00+00:00,71582.7890625,71582.7890625,71582.7890625,71582.7890625,0,2026-03-13 19:06:14.883439,-0.10864049447391926,False
2026-03-13 07:48:00+00:00,71570.9296875,71570.9296875,71570.9296875,71570.9296875,2928640,2026-03-13 19:06:14.883439,-0.13825898770291462,False
2026-03-13 07:49:00+00:00,71558.4296875,71558.4296875,71558.4296875,71558.4296875,61730816,2026-03-13 19:06:14.883439,-0.169477425888944,False
2026-03-13 07:50:00+00:00,71589.90625,71589.90625,71589.90625,71589.90625,0,2026-03-13 19:06:14.883439,-0.09086549623174878,False
2026-03-13 07:51:00+00:00,71646.9375,71646.9375,71646.9375,71646.9375,15335424,2026-03-13 19:06:14.883439,0.051568627992010195,False
2026-03-13 07:53:00+00:00,71607.484375,71607.484375,71607.484375,71607.484375,45338624,2026-03-13 19:06:14.883439,-0.04696456753264499,False
2026-03-13 07:54:00+00:00,71587.4765625,71587.4765625,71587.4765625,71587.4765625,909312,2026-03-13 19:06:14.883439,-0.09693358015415823,False
2026-03-13 07:55:00+00:00,71592.0078125,71592.0078125,71592.0078125,71592.0078125,0,2026-03-13 19:06:14.883439,-0.08561689631172259,False
2026-03-13 07:56:00+00:00,71538.546875,71538.546875,71538.546875,71538.546875,0,2026-03-13 19:06:14.883439,-0.21913425412859694,False
2026-03-13 07:57:00+00:00,71552.4140625,71552.4140625,71552.4140625,71552.4140625,1679360,2026-03-13 19:06:14.883439,-0.18450129926597061,False
2026-03-13 07:58:00+00:00,71579.21875,71579.21875,71579.21875,71579.21875,840622080,2026-03-13 19:06:14.883439,-0.11755726088080388,False
2026-03-13 07:59:00+00:00,71651.875,71651.875,71651.875,71651.875,0,2026-03-13 19:06:14.883439,0.0638999110754918,False
2026-03-13 08:00:00+00:00,71622.6953125,71622.6953125,71622.6953125,71622.6953125,3948544,2026-03-13 19:06:14.883439,-0.008975630565020504,False
2026-03-13 08:01:00+00:00,71631.8203125,71631.8203125,71631.8203125,71631.8203125,71618560,2026-03-13 19:06:14.883439,0.013813829310780932,False
2026-03-13 08:02:00+00:00,71633.359375,71633.359375,71633.359375,71633.359375,0,2026-03-13 19:06:14.883439,0.017657599512435798,False
2026-03-13 08:03:00+00:00,71528.0546875,71528.0546875,71528.0546875,71528.0546875,0,2026-03-13 19:06:14.883439,-0.24533823068099533,False
2026-03-13 08:04:00+00:00,71500.1640625,71500.1640625,71500.1640625,71500.1640625,173584384,2026-03-13 19:06:14.883439,-0.31499437088357335,False
2026-03-13 08:07:00+00:00,71498.7734375,71498.7734375,71498.7734375,71498.7734375,41484288,2026-03-13 19:06:14.883439,-0.3184674221317691,False
2026-03-13 08:08:00+00:00,71498.6328125,71498.6328125,71498.6328125,71498.6328125,0,2026-03-13 19:06:14.883439,-0.318818629561362,False
2026-03-13 08:09:00+00:00,71520.0234375,71520.0234375,71520.0234375,71520.0234375,0,2026-03-13 19:06:14.883439,-0.2653960772155192,False
2026-03-13 08:10:00+00:00,71451.90625,71451.90625,71451.90625,71451.90625,0,2026-03-13 19:06:14.883439,-0.435517053805513,False
2026-03-13 08:11:00+00:00,71437.5,71437.5,71437.5,71437.5,3420160,2026-03-13 19:06:14.883439,-0.4714963038149118,False
2026-03-13 08:13:00+00:00,71409.5625,71409.5625,71409.5625,71409.5625,24412160,2026-03-13 19:06:14.883439,-0.5412695131606875,False
2026-03-13 08:14:00+00:00,71399.765625,71399.765625,71399.765625,71399.765625,0,2026-03-13 19:06:14.883439,-0.565736964088988,False
2026-03-13 08:15:00+00:00,71434.734375,71434.734375,71434.734375,71434.734375,1490944,2026-03-13 19:06:14.883439,-0.4784033832635708,False
2026-03-13 08:17:00+00:00,71485.0390625,71485.0390625,71485.0390625,71485.0390625,5853184,2026-03-13 19:06:14.883439,-0.3527686810886689,False
2026-03-13 08:18:00+00:00,71516.671875,71516.671875,71516.671875,71516.671875,0,2026-03-13 19:06:14.883439,-0.27376652095414833,False
2026-03-13 08:19:00+00:00,71554.3671875,71554.3671875,71554.3671875,71554.3671875,0,2026-03-13 19:06:14.883439,-0.1796234182994035,False
2026-03-13 08:20:00+00:00,71575.9375,71575.9375,71575.9375,71575.9375,30584832,2026-03-13 19:06:14.883439,-0.1257521009046366,False
2026-03-13 08:21:00+00:00,71549.7265625,71549.7265625,71549.7265625,71549.7265625,0,2026-03-13 19:06:14.883439,-0.19121326347596693,False
2026-03-13 08:22:00+00:00,71516.0625,71516.0625,71516.0625,71516.0625,0,2026-03-13 19:06:14.883439,-0.2752884198157173,False
2026-03-13 08:23:00+00:00,71521.1015625,71521.1015625,71521.1015625,71521.1015625,0,2026-03-13 19:06:14.883439,-0.26270348692197415,False
2026-03-13 08:24:00+00:00,71564.4765625,71564.4765625,71564.4765625,71564.4765625,9961472,2026-03-13 19:06:14.883439,-0.15437550641645228,False
2026-03-13 08:25:00+00:00,71571.9140625,71571.9140625,71571.9140625,71571.9140625,0,2026-03-13 19:06:14.883439,-0.1358005356957648,False
2026-03-13 08:26:00+00:00,71528.171875,71528.171875,71528.171875,71528.171875,11026432,2026-03-13 19:06:14.883439,-0.2450455578230013,False
2026-03-13 08:27:00+00:00,71540.46875,71540.46875,71540.46875,71540.46875,0,2026-03-13 19:06:14.883439,-0.2143344192574949,False
2026-03-13 08:29:00+00:00,71541.0078125,71541.0078125,71541.0078125,71541.0078125,29736960,2026-03-13 19:06:14.883439,-0.2129881241107224,False
2026-03-13 08:30:00+00:00,71572.3359375,71572.3359375,71572.3359375,71572.3359375,8753152,2026-03-13 19:06:14.883439,-0.1347469134069863,False
2026-03-13 08:32:00+00:00,71643.8984375,71643.8984375,71643.8984375,71643.8984375,0,2026-03-13 19:06:14.883439,0.043978645208031804,False
2026-03-13 08:33:00+00:00,71669.5625,71669.5625,71669.5625,71669.5625,0,2026-03-13 19:06:14.883439,0.10807400110872335,False
2026-03-13 08:34:00+00:00,71687.5390625,71687.5390625,71687.5390625,71687.5390625,0,2026-03-13 19:06:14.883439,0.15297001752500683,False
2026-03-13 08:35:00+00:00,71676.5625,71676.5625,71676.5625,71676.5625,2613248,2026-03-13 19:06:14.883439,0.1255563264928998,False
2026-03-13 08:36:00+00:00,71825.34375,71825.34375,71825.34375,71825.34375,0,2026-03-13 19:06:14.883439,0.4971337870021143,False
2026-03-13 08:38:00+00:00,71947.0234375,71947.0234375,71947.0234375,71947.0234375,173334528,2026-03-13 19:06:14.883439,0.8010257712192439,False
2026-03-13 08:39:00+00:00,71928.4921875,71928.4921875,71928.4921875,71928.4921875,35872768,2026-03-13 19:06:14.883439,0.7547444366084554,False
2026-03-13 08:41:00+00:00,72017.9609375,72017.9609375,72017.9609375,72017.9609375,327925760,2026-03-13 19:06:14.883439,0.9781904079249606,False
2026-03-13 08:42:00+00:00,72046.7265625,72046.7265625,72046.7265625,72046.7265625,18505728,2026-03-13 19:06:14.883439,1.0500318388005607,False
2026-03-13 08:43:00+00:00,71970.9296875,71970.9296875,71970.9296875,71970.9296875,153403392,2026-03-13 19:06:14.883439,0.8607310342500251,False
2026-03-13 08:44:00+00:00,71945.421875,71945.421875,71945.421875,71945.421875,0,2026-03-13 19:06:14.883439,0.7970259088266589,False
2026-03-13 08:45:00+00:00,71967.859375,71967.859375,71967.859375,71967.859375,8728576,2026-03-13 19:06:14.883439,0.8530630053705816,False
2026-03-13 08:46:00+00:00,71819.578125,71819.578125,71819.578125,71819.578125,172773376,2026-03-13 19:06:14.883439,0.4827342823888083,False
2026-03-13 08:47:00+00:00,71777.34375,71777.34375,71777.34375,71777.34375,3469312,2026-03-13 19:06:14.883439,0.37725498436776156,False
2026-03-13 08:49:00+00:00,71799.5859375,71799.5859375,71799.5859375,71799.5859375,9633792,2026-03-13 19:06:14.883439,0.4328042928150275,False
2026-03-13 08:51:00+00:00,71833.0390625,71833.0390625,71833.0390625,71833.0390625,0,2026-03-13 19:06:14.883439,0.5163526380103887,False
2026-03-13 08:52:00+00:00,71810.1875,71810.1875,71810.1875,71810.1875,53768192,2026-03-13 19:06:14.883439,0.4592814307015537,False
2026-03-13 08:53:00+00:00,71815.921875,71815.921875,71815.921875,71815.921875,0,2026-03-13 19:06:14.883439,0.4736028892193947,False
2026-03-13 08:54:00+00:00,71837.2578125,71837.2578125,71837.2578125,71837.2578125,7135232,2026-03-13 19:06:14.883439,0.5268888608981735,False
2026-03-13 08:56:00+00:00,71840.421875,71840.421875,71840.421875,71840.421875,77705216,2026-03-13 19:06:14.883439,0.5347910280640122,False
2026-03-13 08:57:00+00:00,71753.1875,71753.1875,71753.1875,71753.1875,2875392,2026-03-13 19:06:14.883439,0.3169253525732598,False
2026-03-13 08:59:00+00:00,71784.875,71784.875,71784.875,71784.875,245096448,2026-03-13 19:06:14.883439,0.3960640933748442,False
2026-03-13 09:00:00+00:00,71818.421875,71818.421875,71818.421875,71818.421875,0,2026-03-13 19:06:14.883439,0.47984657685660054,False
2026-03-13 09:01:00+00:00,71872.65625,71872.65625,71872.65625,71872.65625,0,2026-03-13 19:06:14.883439,0.6152955755362355,False
2026-03-13 09:02:00+00:00,71910.765625,71910.765625,71910.765625,71910.765625,7155712,2026-03-13 19:06:14.883439,0.7104727889558925,False
2026-03-13 09:03:00+00:00,71948.15625,71948.15625,71948.15625,71948.15625,7397376,2026-03-13 19:06:14.883439,0.8038549421798529,False
2026-03-13 09:04:00+00:00,71943.5546875,71943.5546875,71943.5546875,71943.5546875,0,2026-03-13 19:06:14.883439,0.7923626546226208,False
2026-03-13 09:06:00+00:00,71890.421875,71890.421875,71890.421875,71890.421875,25608192,2026-03-13 19:06:14.883439,0.6596647808081297,False
2026-03-13 09:07:00+00:00,71914.875,71914.875,71914.875,71914.875,381009920,2026-03-13 19:06:14.883439,0.7207358505095496,False
2026-03-13 09:08:00+00:00,71866.2421875,71866.2421875,71866.2421875,71866.2421875,2383872,2026-03-13 19:06:14.883439,0.5992766144420292,False
2026-03-13 09:09:00+00:00,71849.8359375,71849.8359375,71849.8359375,71849.8359375,0,2026-03-13 19:06:14.883439,0.5583024143228656,False
2026-03-13 09:10:00+00:00,71859.9296875,71859.9296875,71859.9296875,71859.9296875,245403648,2026-03-13 19:06:14.883439,0.5835113031580843,False
2026-03-13 09:11:00+00:00,71845.0859375,71845.0859375,71845.0859375,71845.0859375,6348800,2026-03-13 19:06:14.883439,0.5464394078121745,False
2026-03-13 09:12:00+00:00,71818.53125,71818.53125,71818.53125,71818.53125,1200128,2026-03-13 19:06:14.883439,0.4801197381907283,False
2026-03-13 09:13:00+00:00,71820.9609375,71820.9609375,71820.9609375,71820.9609375,0,2026-03-13 19:06:14.883439,0.48618782211313777,False
2026-03-13 09:14:00+00:00,71783.8203125,71783.8203125,71783.8203125,71783.8203125,0,2026-03-13 19:06:14.883439,0.393430037652898,False
2026-03-13 09:15:00+00:00,71763.9921875,71763.9921875,71763.9921875,71763.9921875,0,2026-03-13 19:06:14.883439,0.3439097900803089,False
2026-03-13 09:17:00+00:00,71657.7890625,71657.7890625,71657.7890625,71657.7890625,0,2026-03-13 19:06:14.883439,0.07867013464225694,False
2026-03-13 09:18:00+00:00,71658.21875,71658.21875,71658.21875,71658.21875,0,2026-03-13 19:06:14.883439,0.07974326845490169,False
2026-03-13 09:19:00+00:00,71690.1328125,71690.1328125,71690.1328125,71690.1328125,0,2026-03-13 19:06:14.883439,0.1594478434486079,False
2026-03-13 09:20:00+00:00,71777.6484375,71777.6484375,71777.6484375,71777.6484375,5427200,2026-03-13 19:06:14.883439,0.37801593379854603,False
2026-03-13 09:21:00+00:00,71771.6796875,71771.6796875,71771.6796875,71771.6796875,0,2026-03-13 19:06:14.883439,0.36310912956471697,False
2026-03-13 09:22:00+00:00,71724.296875,71724.296875,71724.296875,71724.296875,101113856,2026-03-13 19:06:14.883439,0.24477173731579943,False
2026-03-13 09:23:00+00:00,71734.2890625,71734.2890625,71734.2890625,71734.2890625,0,2026-03-13 19:06:14.883439,0.26972697634075665,False
2026-03-13 09:24:00+00:00,71737.1640625,71737.1640625,71737.1640625,71737.1640625,7229440,2026-03-13 19:06:14.883439,0.2769072171235434,False
2026-03-13 09:26:00+00:00,71742.5625,71742.5625,71742.5625,71742.5625,21348352,2026-03-13 19:06:14.883439,0.29038968011513483,False
2026-03-13 09:27:00+00:00,71793.25,71793.25,71793.25,71793.25,0,2026-03-13 19:06:14.883439,0.4169804469594839,False
2026-03-13 09:28:00+00:00,71800.703125,71800.703125,71800.703125,71800.703125,0,2026-03-13 19:06:14.883439,0.43559444072790393,False
2026-03-13 09:29:00+00:00,71815.78125,71815.78125,71815.78125,71815.78125,6074368,2026-03-13 19:06:14.883439,0.47325168178980187,False
2026-03-13 09:30:00+00:00,71820.4375,71820.4375,71820.4375,71820.4375,454656,2026-03-13 19:06:14.883439,0.4848805500140978,False
2026-03-13 09:31:00+00:00,71833.625,71833.625,71833.625,71833.625,0,2026-03-13 19:06:14.883439,0.5178160023003587,False
2026-03-13 09:32:00+00:00,71831.6015625,71831.6015625,71831.6015625,71831.6015625,0,2026-03-13 19:06:14.883439,0.5127625176189953,False
2026-03-13 09:33:00+00:00,71906.265625,71906.265625,71906.265625,71906.265625,6594560,2026-03-13 19:06:14.883439,0.699234151208922,False
2026-03-13 09:34:00+00:00,71897.7890625,71897.7890625,71897.7890625,71897.7890625,0,2026-03-13 19:06:14.883439,0.6780641478140208,False
2026-03-13 09:35:00+00:00,71906.8984375,71906.8984375,71906.8984375,71906.8984375,3198976,2026-03-13 19:06:14.883439,0.7008145846420897,False
2026-03-13 09:36:00+00:00,71917.9609375,71917.9609375,71917.9609375,71917.9609375,3899392,2026-03-13 19:06:14.883439,0.7284429024367256,False
2026-03-13 09:37:00+00:00,71889.9140625,71889.9140625,71889.9140625,71889.9140625,19529728,2026-03-13 19:06:14.883439,0.6583965317568222,False
2026-03-13 09:38:00+00:00,71879.75,71879.75,71879.75,71879.75,0,2026-03-13 19:06:14.883439,0.6330120392068072,False
2026-03-13 09:39:00+00:00,71850.671875,71850.671875,71850.671875,71850.671875,0,2026-03-13 19:06:14.883439,0.5603901473765563,False
2026-03-13 09:41:00+00:00,71811.1171875,71811.1171875,71811.1171875,71811.1171875,0,2026-03-13 19:06:14.883439,0.46160330204163963,False
2026-03-13 09:42:00+00:00,71877.265625,71877.265625,71877.265625,71877.265625,2449408,2026-03-13 19:06:14.883439,0.6268073746173338,False
2026-03-13 09:43:00+00:00,71865.3984375,71865.3984375,71865.3984375,71865.3984375,9437184,2026-03-13 19:06:14.883439,0.5971693698644721,False
2026-03-13 09:45:00+00:00,71891.40625,71891.40625,71891.40625,71891.40625,0,2026-03-13 19:06:14.883439,0.6621232328152795,False
2026-03-13 09:46:00+00:00,71880.6953125,71880.6953125,71880.6953125,71880.6953125,80486400,2026-03-13 19:06:14.883439,0.6353729335946255,False
2026-03-13 09:48:00+00:00,71925.4453125,71925.4453125,71925.4453125,71925.4453125,0,2026-03-13 19:06:14.883439,0.7471349423006107,False
2026-03-13 09:49:00+00:00,71982.390625,71982.390625,71982.390625,71982.390625,0,2026-03-13 19:06:14.883439,0.8893544397618407,False
2026-03-13 09:50:00+00:00,71974.34375,71974.34375,71974.34375,71974.34375,2273280,2026-03-13 19:06:14.883439,0.8692575701795844,False
2026-03-13 09:51:00+00:00,72050.6171875,72050.6171875,72050.6171875,72050.6171875,3088384,2026-03-13 19:06:14.883439,1.0597485776859623,False
2026-03-13 09:52:00+00:00,72088.8359375,72088.8359375,72088.8359375,72088.8359375,2400256,2026-03-13 19:06:14.883439,1.155198952439747,False
2026-03-13 09:53:00+00:00,72066.875,72066.875,72066.875,72066.875,4812800,2026-03-13 19:06:14.883439,1.1003520588516666,False
2026-03-13 09:54:00+00:00,72032.0625,72032.0625,72032.0625,72032.0625,0,2026-03-13 19:06:14.883439,1.013408708503575,False
2026-03-13 09:55:00+00:00,72012.0,72012.0,72012.0,72012.0,69525504,2026-03-13 19:06:14.883439,0.9633031152149978,False
2026-03-13 09:56:00+00:00,71994.4296875,71994.4296875,71994.4296875,71994.4296875,2240512,2026-03-13 19:06:14.883439,0.9194216980397603,False
2026-03-13 09:57:00+00:00,72034.90625,72034.90625,72034.90625,72034.90625,3903488,2026-03-13 19:06:14.883439,1.0205109031908965,False
2026-03-13 09:58:00+00:00,72036.828125,72036.828125,72036.828125,72036.828125,0,2026-03-13 19:06:14.883439,1.0253107380619986,False
2026-03-13 09:59:00+00:00,72038.1171875,72038.1171875,72038.1171875,72038.1171875,913408,2026-03-13 19:06:14.883439,1.0285301394999329,False
2026-03-13 10:00:00+00:00,72019.6953125,72019.6953125,72019.6953125,72019.6953125,1249280,2026-03-13 19:06:14.883439,0.9825219662232721,False
2026-03-13 10:01:00+00:00,72024.03125,72024.03125,72024.03125,72024.03125,848080896,2026-03-13 19:06:14.883439,0.9933508619690511,False
2026-03-13 10:02:00+00:00,72165.953125,72165.953125,72165.953125,72165.953125,6610944,2026-03-13 19:06:14.883439,1.347797204523682,False
2026-03-13 10:03:00+00:00,72229.390625,72229.390625,72229.390625,72229.390625,36016128,2026-03-13 19:06:14.883439,1.506230778317781,False
2026-03-13 10:05:00+00:00,72191.3828125,72191.3828125,72191.3828125,72191.3828125,0,2026-03-13 19:06:14.883439,1.4113072147083854,False
2026-03-13 10:06:00+00:00,72171.78125,72171.78125,72171.78125,72171.78125,5156864,2026-03-13 19:06:14.883439,1.3623528013279183,False
2026-03-13 10:07:00+00:00,72162.4453125,72162.4453125,72162.4453125,72162.4453125,0,2026-03-13 19:06:14.883439,1.3390365303077274,False
2026-03-13 10:08:00+00:00,72176.25,72176.25,72176.25,72176.25,3883008,2026-03-13 19:06:14.883439,1.3735133929794237,False
2026-03-13 10:09:00+00:00,72161.59375,72161.59375,72161.59375,72161.59375,0,2026-03-13 19:06:14.883439,1.3369097742063043,False
2026-03-13 10:10:00+00:00,72155.9765625,72155.9765625,72155.9765625,72155.9765625,705060864,2026-03-13 19:06:14.883439,1.3228809885464572,False
2026-03-13 10:11:00+00:00,72209.171875,72209.171875,72209.171875,72209.171875,7540736,2026-03-13 19:06:14.883439,1.4557349545518785,False
2026-03-13 10:12:00+00:00,72184.375,72184.375,72184.375,72184.375,6455296,2026-03-13 19:06:14.883439,1.3938053778003427,False
2026-03-13 10:13:00+00:00,72247.0625,72247.0625,72247.0625,72247.0625,51781632,2026-03-13 19:06:14.883439,1.55036584530328,False
2026-03-13 10:14:00+00:00,72229.2421875,72229.2421875,72229.2421875,72229.2421875,4743168,2026-03-13 19:06:14.883439,1.5058600593643219,False
2026-03-13 10:16:00+00:00,72366.8125,72366.8125,72366.8125,72366.8125,0,2026-03-13 19:06:14.883439,1.8494384831254413,False
2026-03-13 10:17:00+00:00,72273.9453125,72273.9453125,72273.9453125,72273.9453125,12509184,2026-03-13 19:06:14.883439,1.6175049989271093,False
2026-03-13 10:18:00+00:00,72341.21875,72341.21875,72341.21875,72341.21875,0,2026-03-13 19:06:14.883439,1.7855187309395462,False
2026-03-13 10:19:00+00:00,72467.0625,72467.0625,72467.0625,72467.0625,264134656,2026-03-13 19:06:14.883439,2.0998103573773967,False
2026-03-13 10:20:00+00:00,72480.15625,72480.15625,72480.15625,72480.15625,16306176,2026-03-13 19:06:14.883439,2.1325116713772627,False
2026-03-13 10:21:00+00:00,72347.859375,72347.859375,72347.859375,72347.859375,6320128,2026-03-13 19:06:14.883439,1.8021035262258742,False
2026-03-13 10:22:00+00:00,72384.7109375,72384.7109375,72384.7109375,72384.7109375,134373376,2026-03-13 19:06:14.883439,1.894139384303062,False
2026-03-13 10:23:00+00:00,72358.5,72358.5,72358.5,72358.5,15695872,2026-03-13 19:06:14.883439,1.828678221731732,False
2026-03-13 10:24:00+00:00,72323.65625,72323.65625,72323.65625,72323.65625,471040,2026-03-13 19:06:14.883439,1.741656825288175,False
2026-03-13 10:25:00+00:00,72309.4921875,72309.4921875,72309.4921875,72309.4921875,65323008,2026-03-13 19:06:14.883439,1.7062824325186303,False
2026-03-13 10:27:00+00:00,72298.375,72298.375,72298.375,72298.375,6103040,2026-03-13 19:06:14.883439,1.6785175340569305,False
2026-03-13 10:28:00+00:00,72301.1875,72301.1875,72301.1875,72301.1875,14675968,2026-03-13 19:06:14.883439,1.6855416826487872,False
2026-03-13 10:29:00+00:00,72346.1875,72346.1875,72346.1875,72346.1875,1130496,2026-03-13 19:06:14.883439,1.7979280601184928,False
2026-03-13 10:31:00+00:00,72376.015625,72376.015625,72376.015625,72376.015625,38825984,2026-03-13 19:06:14.883439,1.8724230582399055,False
2026-03-13 10:32:00+00:00,72369.90625,72369.90625,72369.90625,72369.90625,0,2026-03-13 19:06:14.883439,1.8571650465764835,False
2026-03-13 10:33:00+00:00,72370.2734375,72370.2734375,72370.2734375,72370.2734375,0,2026-03-13 19:06:14.883439,1.8580820881981983,False
2026-03-13 10:34:00+00:00,72397.7109375,72397.7109375,72397.7109375,72397.7109375,188604416,2026-03-13 19:06:14.883439,1.9266065600165327,False
2026-03-13 10:35:00+00:00,72402.0234375,72402.0234375,72402.0234375,72402.0234375,3641344,2026-03-13 19:06:14.883439,1.9373769211907128,False
2026-03-13 10:36:00+00:00,72479.9921875,72479.9921875,72479.9921875,72479.9921875,2297856,2026-03-13 19:06:14.883439,2.132101929376071,False
2026-03-13 10:38:00+00:00,72491.9453125,72491.9453125,72491.9453125,72491.9453125,0,2026-03-13 19:06:14.883439,2.1619545608914614,False
2026-03-13 10:39:00+00:00,72440.7265625,72440.7265625,72440.7265625,72440.7265625,7553024,2026-03-13 19:06:14.883439,2.034037010424206,False
2026-03-13 10:41:00+00:00,72481.9609375,72481.9609375,72481.9609375,72481.9609375,228409344,2026-03-13 19:06:14.883439,2.137018833390371,False
2026-03-13 10:43:00+00:00,72521.6171875,72521.6171875,72521.6171875,72521.6171875,0,2026-03-13 19:06:14.883439,2.2360593285355486,False
2026-03-13 10:44:00+00:00,72526.84375,72526.84375,72526.84375,72526.84375,0,2026-03-13 19:06:14.883439,2.249112538002082,False
2026-03-13 10:45:00+00:00,72512.7578125,72512.7578125,72512.7578125,72512.7578125,3784704,2026-03-13 19:06:14.883439,2.2139332604712005,False
2026-03-13 10:48:00+00:00,72496.5859375,72496.5859375,72496.5859375,72496.5859375,53317632,2026-03-13 19:06:14.883439,2.173544406068025,False
2026-03-13 10:49:00+00:00,72548.515625,72548.515625,72548.515625,72548.515625,0,2026-03-13 19:06:14.883439,2.3032375052071106,False
2026-03-13 10:51:00+00:00,72567.9453125,72567.9453125,72567.9453125,72567.9453125,0,2026-03-13 19:06:14.883439,2.35176266506252,False
2026-03-13 10:52:00+00:00,72571.53125,72571.53125,72571.53125,72571.53125,0,2026-03-13 19:06:14.883439,2.360718454517137,False
2026-03-13 10:53:00+00:00,72518.1875,72518.1875,72518.1875,72518.1875,3223552,2026-03-13 19:06:14.883439,2.227493769558257,False
2026-03-13 10:54:00+00:00,72483.625,72483.625,72483.625,72483.625,4304896,2026-03-13 19:06:14.883439,2.1411747879738856,False
2026-03-13 10:56:00+00:00,72405.703125,72405.703125,72405.703125,72405.703125,187555840,2026-03-13 19:06:14.883439,1.9465668489317252,False
2026-03-13 10:57:00+00:00,72425.1796875,72425.1796875,72425.1796875,72425.1796875,4595712,2026-03-13 19:06:14.883439,1.9952090779303322,False
2026-03-13 10:58:00+00:00,72479.7734375,72479.7734375,72479.7734375,72479.7734375,0,2026-03-13 19:06:14.883439,2.1315556067078156,False
2026-03-13 10:59:00+00:00,72489.6875,72489.6875,72489.6875,72489.6875,2297856,2026-03-13 19:06:14.883439,2.15631573049411,False
2026-03-13 11:00:00+00:00,72475.3828125,72475.3828125,72475.3828125,72475.3828125,6483968,2026-03-13 19:06:14.883439,2.1205901302949726,False
2026-03-13 11:01:00+00:00,72512.5859375,72512.5859375,72512.5859375,72512.5859375,0,2026-03-13 19:06:14.883439,2.2135040069461427,False
2026-03-13 11:02:00+00:00,72513.5078125,72513.5078125,72513.5078125,72513.5078125,0,2026-03-13 19:06:14.883439,2.215806366762362,False
2026-03-13 11:03:00+00:00,72472.1015625,72472.1015625,72472.1015625,72472.1015625,36864,2026-03-13 19:06:14.883439,2.11239529027114,False
2026-03-13 11:04:00+00:00,72383.6015625,72383.6015625,72383.6015625,72383.6015625,47501312,2026-03-13 19:06:14.883439,1.891368747914052,False
2026-03-13 11:05:00+00:00,72404.8125,72404.8125,72404.8125,72404.8125,2387968,2026-03-13 19:06:14.883439,1.9443425352109707,False
2026-03-13 11:06:00+00:00,72438.625,72438.625,72438.625,72438.625,4730880,2026-03-13 19:06:14.883439,2.02878841050418,False
2026-03-13 11:07:00+00:00,72425.265625,72425.265625,72425.265625,72425.265625,120078336,2026-03-13 19:06:14.883439,1.9954237046928611,False
2026-03-13 11:08:00+00:00,72378.328125,72378.328125,72378.328125,72378.328125,0,2026-03-13 19:06:14.883439,1.8781984693043208,False
2026-03-13 11:09:00+00:00,72350.7734375,72350.7734375,72350.7734375,72350.7734375,3887104,2026-03-13 19:06:14.883439,1.8093813246279924,False
2026-03-13 11:10:00+00:00,72334.0859375,72334.0859375,72334.0859375,72334.0859375,0,2026-03-13 19:06:14.883439,1.7677047096496432,False
2026-03-13 11:11:00+00:00,72366.2265625,72366.2265625,72366.2265625,72366.2265625,3813376,2026-03-13 19:06:14.883439,1.8479751188354712,False
2026-03-13 11:12:00+00:00,72364.234375,72364.234375,72364.234375,72364.234375,0,2026-03-13 19:06:14.883439,1.8429996802495727,False
2026-03-13 11:13:00+00:00,72285.3203125,72285.3203125,72285.3203125,72285.3203125,0,2026-03-13 19:06:14.883439,1.6459137776763961,False
2026-03-13 11:14:00+00:00,72297.65625,72297.65625,72297.65625,72297.65625,11468800,2026-03-13 19:06:14.883439,1.6767224738612339,False
2026-03-13 11:15:00+00:00,72311.0546875,72311.0546875,72311.0546875,72311.0546875,4497408,2026-03-13 19:06:14.883439,1.7101847372918841,False
2026-03-13 11:16:00+00:00,72308.8984375,72308.8984375,72308.8984375,72308.8984375,429776896,2026-03-13 19:06:14.883439,1.704799556704794,False
2026-03-13 11:18:00+00:00,72439.4921875,72439.4921875,72439.4921875,72439.4921875,0,2026-03-13 19:06:14.883439,2.0309541896533356,False
2026-03-13 11:20:00+00:00,72392.9765625,72392.9765625,72392.9765625,72392.9765625,131608576,2026-03-13 19:06:14.883439,1.914782576553574,False
2026-03-13 11:21:00+00:00,72418.4453125,72418.4453125,72418.4453125,72418.4453125,0,2026-03-13 19:06:14.883439,1.9783901443576088,False
2026-03-13 11:22:00+00:00,72330.5703125,72330.5703125,72330.5703125,72330.5703125,40124416,2026-03-13 19:06:14.883439,1.7589245239098223,False
2026-03-13 11:23:00+00:00,72323.0859375,72323.0859375,72323.0859375,72323.0859375,0,2026-03-13 19:06:14.883439,1.7402324840459373,False
2026-03-13 11:24:00+00:00,72316.296875,72316.296875,72316.296875,72316.296875,2445312,2026-03-13 19:06:14.883439,1.72327696980615,False
2026-03-13 11:25:00+00:00,72359.125,72359.125,72359.125,72359.125,0,2026-03-13 19:06:14.883439,1.8302391436410332,False
2026-03-13 11:26:00+00:00,72409.1875,72409.1875,72409.1875,72409.1875,0,2026-03-13 19:06:14.883439,1.9552689885760808,False
2026-03-13 11:27:00+00:00,72429.4453125,72429.4453125,72429.4453125,72429.4453125,3960832,2026-03-13 19:06:14.883439,2.0058623699613145,False
2026-03-13 11:28:00+00:00,72403.3203125,72403.3203125,72403.3203125,72403.3203125,0,2026-03-13 19:06:14.883439,1.9406158341525133,False
2026-03-13 11:30:00+00:00,72336.5078125,72336.5078125,72336.5078125,72336.5078125,0,2026-03-13 19:06:14.883439,1.7737532820481863,False
2026-03-13 11:32:00+00:00,72315.140625,72315.140625,72315.140625,72315.140625,139419648,2026-03-13 19:06:14.883439,1.7203892642739425,False
2026-03-13 11:33:00+00:00,72344.9921875,72344.9921875,72344.9921875,72344.9921875,1048576,2026-03-13 19:06:14.883439,1.7949427969669538,False
2026-03-13 11:34:00+00:00,72362.8125,72362.8125,72362.8125,72362.8125,0,2026-03-13 19:06:14.883439,1.839448582905912,False
2026-03-13 11:36:00+00:00,72323.7578125,72323.7578125,72323.7578125,72323.7578125,5451776,2026-03-13 19:06:14.883439,1.7419104750984364,False
2026-03-13 11:37:00+00:00,72347.5234375,72347.5234375,72347.5234375,72347.5234375,0,2026-03-13 19:06:14.883439,1.8012645306996247,False
2026-03-13 11:39:00+00:00,72279.0859375,72279.0859375,72279.0859375,72279.0859375,0,2026-03-13 19:06:14.883439,1.630343581631114,False
2026-03-13 11:40:00+00:00,72289.734375,72289.734375,72289.734375,72289.734375,0,2026-03-13 19:06:14.883439,1.6569377886608379,False
2026-03-13 11:41:00+00:00,72298.6640625,72298.6640625,72298.6640625,72298.6640625,0,2026-03-13 19:06:14.883439,1.6792394604399825,False
2026-03-13 11:42:00+00:00,72320.3828125,72320.3828125,72320.3828125,72320.3828125,0,2026-03-13 19:06:14.883439,1.7334814967882084,False
2026-03-13 11:44:00+00:00,72292.046875,72292.046875,72292.046875,72292.046875,0,2026-03-13 19:06:14.883439,1.662713199725253,False
2026-03-13 11:46:00+00:00,72336.515625,72336.515625,72336.515625,72336.515625,0,2026-03-13 19:06:14.883439,1.7737727935720526,False
2026-03-13 11:47:00+00:00,72307.265625,72307.265625,72307.265625,72307.265625,0,2026-03-13 19:06:14.883439,1.700721648216744,False
2026-03-13 11:48:00+00:00,72280.1953125,72280.1953125,72280.1953125,72280.1953125,0,2026-03-13 19:06:14.883439,1.6331142180201241,False
2026-03-13 11:49:00+00:00,72277.9296875,72277.9296875,72277.9296875,72277.9296875,0,2026-03-13 19:06:14.883439,1.6274558760989062,False
2026-03-13 11:50:00+00:00,72259.5859375,72259.5859375,72259.5859375,72259.5859375,0,2026-03-13 19:06:14.883439,1.5816428180609081,False
2026-03-13 11:52:00+00:00,72272.109375,72272.109375,72272.109375,72272.109375,0,2026-03-13 19:06:14.883439,1.6129197908185364,False
2026-03-13 11:53:00+00:00,72245.921875,72245.921875,72245.921875,72245.921875,6103040,2026-03-13 19:06:14.883439,1.547517162818805,False
2026-03-13 11:56:00+00:00,72302.515625,72302.515625,72302.515625,72302.515625,82198528,2026-03-13 19:06:14.883439,1.6888586417060527,False
2026-03-13 11:57:00+00:00,72298.15625,72298.15625,72298.15625,72298.15625,434176,2026-03-13 19:06:14.883439,1.677971211388675,False
2026-03-13 11:58:00+00:00,72270.8046875,72270.8046875,72270.8046875,72270.8046875,0,2026-03-13 19:06:14.883439,1.6096613663328696,False
2026-03-13 11:59:00+00:00,72254.34375,72254.34375,72254.34375,72254.34375,0,2026-03-13 19:06:14.883439,1.5685505855466422,False
2026-03-13 12:00:00+00:00,72235.890625,72235.890625,72235.890625,72235.890625,0,2026-03-13 19:06:14.883439,1.5224643661745163,False
2026-03-13 12:02:00+00:00,72288.3984375,72288.3984375,72288.3984375,72288.3984375,0,2026-03-13 19:06:14.883439,1.6536013180797058,False
