Price,Close,High,Low,Open,Volume,processed_at
Ticker,BTC-USD,BTC-USD,BTC-USD,BTC-USD,BTC-USD,
Datetime,,,,,,
2026-04-10 00:00:00+00:00,71783.515625,71783.515625,71783.515625,71783.515625,0,2026-04-10 11:39:17.712899
2026-04-10 00:02:00+00:00,71812.3671875,71812.3671875,71812.3671875,71812.3671875,56938496,2026-04-10 11:39:17.712899
2026-04-10 00:04:00+00:00,71798.578125,71798.578125,71798.578125,71798.578125,0,2026-04-10 11:39:17.712899
2026-04-10 00:05:00+00:00,71815.4375,71815.4375,71815.4375,71815.4375,2379776,2026-04-10 11:39:17.712899
2026-04-10 00:07:00+00:00,71860.578125,71860.578125,71860.578125,71860.578125,15204352,2026-04-10 11:39:17.712899
2026-04-10 00:09:00+00:00,71751.109375,71751.109375,71751.109375,71751.109375,2641920,2026-04-10 11:39:17.712899
2026-04-10 00:10:00+00:00,71803.3203125,71803.3203125,71803.3203125,71803.3203125,81944576,2026-04-10 11:39:17.712899
2026-04-10 00:11:00+00:00,71793.5859375,71793.5859375,71793.5859375,71793.5859375,14381056,2026-04-10 11:39:17.712899
2026-04-10 00:13:00+00:00,71815.3125,71815.3125,71815.3125,71815.3125,48955392,2026-04-10 11:39:17.712899
2026-04-10 00:14:00+00:00,71763.46875,71763.46875,71763.46875,71763.46875,122880,2026-04-10 11:39:17.712899
2026-04-10 00:16:00+00:00,71762.765625,71762.765625,71762.765625,71762.765625,100487168,2026-04-10 11:39:17.712899
2026-04-10 00:18:00+00:00,71729.6875,71729.6875,71729.6875,71729.6875,7417856,2026-04-10 11:39:17.712899
2026-04-10 00:19:00+00:00,71676.4375,71676.4375,71676.4375,71676.4375,61210624,2026-04-10 11:39:17.712899
2026-04-10 00:20:00+00:00,71639.4921875,71639.4921875,71639.4921875,71639.4921875,0,2026-04-10 11:39:17.712899
2026-04-10 00:22:00+00:00,71609.296875,71609.296875,71609.296875,71609.296875,0,2026-04-10 11:39:17.712899
2026-04-10 00:24:00+00:00,71695.0,71695.0,71695.0,71695.0,1888256,2026-04-10 11:39:17.712899
2026-04-10 00:25:00+00:00,71673.375,71673.375,71673.375,71673.375,0,2026-04-10 11:39:17.712899
2026-04-10 00:27:00+00:00,71633.65625,71633.65625,71633.65625,71633.65625,20480,2026-04-10 11:39:17.712899
2026-04-10 00:28:00+00:00,71683.453125,71683.453125,71683.453125,71683.453125,7073792,2026-04-10 11:39:17.712899
2026-04-10 00:29:00+00:00,71705.5078125,71705.5078125,71705.5078125,71705.5078125,3534848,2026-04-10 11:39:17.712899
2026-04-10 00:30:00+00:00,71820.0390625,71820.0390625,71820.0390625,71820.0390625,0,2026-04-10 11:39:17.712899
2026-04-10 00:32:00+00:00,71795.8203125,71795.8203125,71795.8203125,71795.8203125,0,2026-04-10 11:39:17.712899
2026-04-10 00:34:00+00:00,71951.0546875,71951.0546875,71951.0546875,71951.0546875,126455808,2026-04-10 11:39:17.712899
2026-04-10 00:36:00+00:00,71940.0546875,71940.0546875,71940.0546875,71940.0546875,3674112,2026-04-10 11:39:17.712899
2026-04-10 00:37:00+00:00,71943.3125,71943.3125,71943.3125,71943.3125,0,2026-04-10 11:39:17.712899
2026-04-10 00:39:00+00:00,71797.6875,71797.6875,71797.6875,71797.6875,0,2026-04-10 11:39:17.712899
2026-04-10 00:40:00+00:00,71848.4453125,71848.4453125,71848.4453125,71848.4453125,0,2026-04-10 11:39:17.712899
2026-04-10 00:42:00+00:00,71944.015625,71944.015625,71944.015625,71944.015625,0,2026-04-10 11:39:17.712899
2026-04-10 00:43:00+00:00,71941.828125,71941.828125,71941.828125,71941.828125,55988224,2026-04-10 11:39:17.712899
2026-04-10 00:44:00+00:00,71909.9296875,71909.9296875,71909.9296875,71909.9296875,0,2026-04-10 11:39:17.712899
2026-04-10 00:46:00+00:00,71891.1328125,71891.1328125,71891.1328125,71891.1328125,552742912,2026-04-10 11:39:17.712899
2026-04-10 00:47:00+00:00,71886.90625,71886.90625,71886.90625,71886.90625,0,2026-04-10 11:39:17.712899
2026-04-10 00:48:00+00:00,71921.953125,71921.953125,71921.953125,71921.953125,0,2026-04-10 11:39:17.712899
2026-04-10 00:49:00+00:00,71954.1953125,71954.1953125,71954.1953125,71954.1953125,0,2026-04-10 11:39:17.712899
2026-04-10 00:50:00+00:00,71964.2421875,71964.2421875,71964.2421875,71964.2421875,0,2026-04-10 11:39:17.712899
2026-04-10 00:52:00+00:00,71961.3828125,71961.3828125,71961.3828125,71961.3828125,85753856,2026-04-10 11:39:17.712899
2026-04-10 00:53:00+00:00,72004.9296875,72004.9296875,72004.9296875,72004.9296875,2297856,2026-04-10 11:39:17.712899
2026-04-10 00:54:00+00:00,71963.6015625,71963.6015625,71963.6015625,71963.6015625,0,2026-04-10 11:39:17.712899
2026-04-10 00:55:00+00:00,71945.2734375,71945.2734375,71945.2734375,71945.2734375,8982528,2026-04-10 11:39:17.712899
2026-04-10 00:56:00+00:00,71942.71875,71942.71875,71942.71875,71942.71875,2297856,2026-04-10 11:39:17.712899
2026-04-10 00:57:00+00:00,71914.7734375,71914.7734375,71914.7734375,71914.7734375,2060288,2026-04-10 11:39:17.712899
2026-04-10 00:58:00+00:00,71913.765625,71913.765625,71913.765625,71913.765625,0,2026-04-10 11:39:17.712899
2026-04-10 00:59:00+00:00,71907.890625,71907.890625,71907.890625,71907.890625,1327104,2026-04-10 11:39:17.712899
2026-04-10 01:00:00+00:00,71932.625,71932.625,71932.625,71932.625,0,2026-04-10 11:39:17.712899
2026-04-10 01:02:00+00:00,71913.140625,71913.140625,71913.140625,71913.140625,36335616,2026-04-10 11:39:17.712899
2026-04-10 01:03:00+00:00,71892.5703125,71892.5703125,71892.5703125,71892.5703125,3354624,2026-04-10 11:39:17.712899
2026-04-10 01:05:00+00:00,71861.046875,71861.046875,71861.046875,71861.046875,85180416,2026-04-10 11:39:17.712899
2026-04-10 01:06:00+00:00,71879.1640625,71879.1640625,71879.1640625,71879.1640625,1540096,2026-04-10 11:39:17.712899
2026-04-10 01:08:00+00:00,71863.1875,71863.1875,71863.1875,71863.1875,0,2026-04-10 11:39:17.712899
2026-04-10 01:09:00+00:00,71902.2890625,71902.2890625,71902.2890625,71902.2890625,0,2026-04-10 11:39:17.712899
2026-04-10 01:10:00+00:00,71945.59375,71945.59375,71945.59375,71945.59375,671744,2026-04-10 11:39:17.712899
2026-04-10 01:12:00+00:00,71979.484375,71979.484375,71979.484375,71979.484375,0,2026-04-10 11:39:17.712899
2026-04-10 01:13:00+00:00,72069.9375,72069.9375,72069.9375,72069.9375,0,2026-04-10 11:39:17.712899
2026-04-10 01:14:00+00:00,72053.1953125,72053.1953125,72053.1953125,72053.1953125,913408,2026-04-10 11:39:17.712899
2026-04-10 01:15:00+00:00,72002.5625,72002.5625,72002.5625,72002.5625,9539584,2026-04-10 11:39:17.712899
2026-04-10 01:16:00+00:00,72023.8828125,72023.8828125,72023.8828125,72023.8828125,0,2026-04-10 11:39:17.712899
2026-04-10 01:17:00+00:00,72016.875,72016.875,72016.875,72016.875,0,2026-04-10 11:39:17.712899
2026-04-10 01:18:00+00:00,71973.5625,71973.5625,71973.5625,71973.5625,9658368,2026-04-10 11:39:17.712899
2026-04-10 01:19:00+00:00,71966.4765625,71966.4765625,71966.4765625,71966.4765625,128884736,2026-04-10 11:39:17.712899
2026-04-10 01:20:00+00:00,72011.8203125,72011.8203125,72011.8203125,72011.8203125,0,2026-04-10 11:39:17.712899
2026-04-10 01:22:00+00:00,71906.59375,71906.59375,71906.59375,71906.59375,9326592,2026-04-10 11:39:17.712899
2026-04-10 01:23:00+00:00,71730.296875,71730.296875,71730.296875,71730.296875,950272,2026-04-10 11:39:17.712899
2026-04-10 01:25:00+00:00,71860.75,71860.75,71860.75,71860.75,0,2026-04-10 11:39:17.712899
2026-04-10 01:27:00+00:00,71866.3671875,71866.3671875,71866.3671875,71866.3671875,2793472,2026-04-10 11:39:17.712899
2026-04-10 01:28:00+00:00,71842.3671875,71842.3671875,71842.3671875,71842.3671875,0,2026-04-10 11:39:17.712899
2026-04-10 01:30:00+00:00,71825.4921875,71825.4921875,71825.4921875,71825.4921875,0,2026-04-10 11:39:17.712899
2026-04-10 01:32:00+00:00,71918.1796875,71918.1796875,71918.1796875,71918.1796875,113045504,2026-04-10 11:39:17.712899
2026-04-10 01:34:00+00:00,72148.625,72148.625,72148.625,72148.625,0,2026-04-10 11:39:17.712899
2026-04-10 01:35:00+00:00,72152.140625,72152.140625,72152.140625,72152.140625,7172096,2026-04-10 11:39:17.712899
2026-04-10 01:36:00+00:00,72188.671875,72188.671875,72188.671875,72188.671875,2617344,2026-04-10 11:39:17.712899
2026-04-10 01:37:00+00:00,72269.2734375,72269.2734375,72269.2734375,72269.2734375,106524672,2026-04-10 11:39:17.712899
2026-04-10 01:39:00+00:00,72332.375,72332.375,72332.375,72332.375,8458240,2026-04-10 11:39:17.712899
2026-04-10 01:41:00+00:00,72333.7421875,72333.7421875,72333.7421875,72333.7421875,39223296,2026-04-10 11:39:17.712899
2026-04-10 01:44:00+00:00,72347.5625,72347.5625,72347.5625,72347.5625,167149568,2026-04-10 11:39:17.712899
2026-04-10 01:45:00+00:00,72286.8671875,72286.8671875,72286.8671875,72286.8671875,6463488,2026-04-10 11:39:17.712899
2026-04-10 01:47:00+00:00,72243.0,72243.0,72243.0,72243.0,57053184,2026-04-10 11:39:17.712899
2026-04-10 01:49:00+00:00,72276.0859375,72276.0859375,72276.0859375,72276.0859375,9965568,2026-04-10 11:39:17.712899
2026-04-10 01:51:00+00:00,72280.2421875,72280.2421875,72280.2421875,72280.2421875,0,2026-04-10 11:39:17.712899
2026-04-10 01:52:00+00:00,72300.8984375,72300.8984375,72300.8984375,72300.8984375,0,2026-04-10 11:39:17.712899
2026-04-10 01:53:00+00:00,72288.5859375,72288.5859375,72288.5859375,72288.5859375,35471360,2026-04-10 11:39:17.712899
2026-04-10 01:54:00+00:00,72270.015625,72270.015625,72270.015625,72270.015625,6090752,2026-04-10 11:39:17.712899
2026-04-10 01:56:00+00:00,72227.0703125,72227.0703125,72227.0703125,72227.0703125,52600832,2026-04-10 11:39:17.712899
2026-04-10 01:57:00+00:00,72203.6796875,72203.6796875,72203.6796875,72203.6796875,3506176,2026-04-10 11:39:17.712899
2026-04-10 01:58:00+00:00,72152.9921875,72152.9921875,72152.9921875,72152.9921875,892928,2026-04-10 11:39:17.712899
2026-04-10 01:59:00+00:00,72172.6484375,72172.6484375,72172.6484375,72172.6484375,1720320,2026-04-10 11:39:17.712899
2026-04-10 02:01:00+00:00,72177.359375,72177.359375,72177.359375,72177.359375,0,2026-04-10 11:39:17.712899
2026-04-10 02:03:00+00:00,72176.7890625,72176.7890625,72176.7890625,72176.7890625,5787648,2026-04-10 11:39:17.712899
2026-04-10 02:04:00+00:00,72148.7578125,72148.7578125,72148.7578125,72148.7578125,61464576,2026-04-10 11:39:17.712899
2026-04-10 02:06:00+00:00,72135.8828125,72135.8828125,72135.8828125,72135.8828125,8773632,2026-04-10 11:39:17.712899
2026-04-10 02:08:00+00:00,72220.7734375,72220.7734375,72220.7734375,72220.7734375,25735168,2026-04-10 11:39:17.712899
2026-04-10 02:10:00+00:00,72257.53125,72257.53125,72257.53125,72257.53125,8253440,2026-04-10 11:39:17.712899
2026-04-10 02:13:00+00:00,72222.671875,72222.671875,72222.671875,72222.671875,24555520,2026-04-10 11:39:17.712899
2026-04-10 02:14:00+00:00,72223.2265625,72223.2265625,72223.2265625,72223.2265625,0,2026-04-10 11:39:17.712899
2026-04-10 02:15:00+00:00,72227.5625,72227.5625,72227.5625,72227.5625,1257472,2026-04-10 11:39:17.712899
2026-04-10 02:17:00+00:00,72231.8984375,72231.8984375,72231.8984375,72231.8984375,28778496,2026-04-10 11:39:17.712899
2026-04-10 02:18:00+00:00,72231.3828125,72231.3828125,72231.3828125,72231.3828125,0,2026-04-10 11:39:17.712899
2026-04-10 02:19:00+00:00,72202.2109375,72202.2109375,72202.2109375,72202.2109375,3977216,2026-04-10 11:39:17.712899
2026-04-10 02:20:00+00:00,72208.0078125,72208.0078125,72208.0078125,72208.0078125,3846144,2026-04-10 11:39:17.712899
2026-04-10 02:21:00+00:00,72206.1875,72206.1875,72206.1875,72206.1875,0,2026-04-10 11:39:17.712899
2026-04-10 02:22:00+00:00,72199.3515625,72199.3515625,72199.3515625,72199.3515625,0,2026-04-10 11:39:17.712899
2026-04-10 02:25:00+00:00,72202.140625,72202.140625,72202.140625,72202.140625,0,2026-04-10 11:39:17.712899
2026-04-10 02:26:00+00:00,72218.703125,72218.703125,72218.703125,72218.703125,3067904,2026-04-10 11:39:17.712899
2026-04-10 02:27:00+00:00,72201.4375,72201.4375,72201.4375,72201.4375,3301376,2026-04-10 11:39:17.712899
2026-04-10 02:29:00+00:00,72188.796875,72188.796875,72188.796875,72188.796875,28610560,2026-04-10 11:39:17.712899
2026-04-10 02:30:00+00:00,72183.296875,72183.296875,72183.296875,72183.296875,0,2026-04-10 11:39:17.712899
2026-04-10 02:32:00+00:00,72152.8046875,72152.8046875,72152.8046875,72152.8046875,0,2026-04-10 11:39:17.712899
2026-04-10 02:33:00+00:00,72167.5546875,72167.5546875,72167.5546875,72167.5546875,0,2026-04-10 11:39:17.712899
2026-04-10 02:35:00+00:00,72188.015625,72188.015625,72188.015625,72188.015625,10104832,2026-04-10 11:39:17.712899
2026-04-10 02:37:00+00:00,72176.9140625,72176.9140625,72176.9140625,72176.9140625,0,2026-04-10 11:39:17.712899
2026-04-10 02:38:00+00:00,72186.1171875,72186.1171875,72186.1171875,72186.1171875,0,2026-04-10 11:39:17.712899
2026-04-10 02:39:00+00:00,72173.78125,72173.78125,72173.78125,72173.78125,1605632,2026-04-10 11:39:17.712899
2026-04-10 02:42:00+00:00,72170.5859375,72170.5859375,72170.5859375,72170.5859375,0,2026-04-10 11:39:17.712899
2026-04-10 02:43:00+00:00,72134.90625,72134.90625,72134.90625,72134.90625,25034752,2026-04-10 11:39:17.712899
2026-04-10 02:44:00+00:00,72133.5625,72133.5625,72133.5625,72133.5625,0,2026-04-10 11:39:17.712899
2026-04-10 02:47:00+00:00,72091.875,72091.875,72091.875,72091.875,0,2026-04-10 11:39:17.712899
2026-04-10 02:48:00+00:00,72072.265625,72072.265625,72072.265625,72072.265625,0,2026-04-10 11:39:17.712899
2026-04-10 02:49:00+00:00,72040.5546875,72040.5546875,72040.5546875,72040.5546875,0,2026-04-10 11:39:17.712899
2026-04-10 02:51:00+00:00,71954.4921875,71954.4921875,71954.4921875,71954.4921875,0,2026-04-10 11:39:17.712899
2026-04-10 02:52:00+00:00,72001.8671875,72001.8671875,72001.8671875,72001.8671875,0,2026-04-10 11:39:17.712899
2026-04-10 02:53:00+00:00,71947.6328125,71947.6328125,71947.6328125,71947.6328125,5206016,2026-04-10 11:39:17.712899
2026-04-10 02:54:00+00:00,71928.1953125,71928.1953125,71928.1953125,71928.1953125,1900544,2026-04-10 11:39:17.712899
2026-04-10 02:56:00+00:00,71986.3515625,71986.3515625,71986.3515625,71986.3515625,0,2026-04-10 11:39:17.712899
2026-04-10 02:57:00+00:00,71970.859375,71970.859375,71970.859375,71970.859375,5353472,2026-04-10 11:39:17.712899
2026-04-10 02:58:00+00:00,71965.0,71965.0,71965.0,71965.0,78598144,2026-04-10 11:39:17.712899
2026-04-10 02:59:00+00:00,71953.8515625,71953.8515625,71953.8515625,71953.8515625,110592,2026-04-10 11:39:17.712899
2026-04-10 03:00:00+00:00,71961.484375,71961.484375,71961.484375,71961.484375,143360,2026-04-10 11:39:17.712899
2026-04-10 03:03:00+00:00,71955.875,71955.875,71955.875,71955.875,14999552,2026-04-10 11:39:17.712899
2026-04-10 03:04:00+00:00,71985.625,71985.625,71985.625,71985.625,18944000,2026-04-10 11:39:17.712899
2026-04-10 03:05:00+00:00,71973.6640625,71973.6640625,71973.6640625,71973.6640625,10956800,2026-04-10 11:39:17.712899
2026-04-10 03:06:00+00:00,71941.296875,71941.296875,71941.296875,71941.296875,1470464,2026-04-10 11:39:17.712899
2026-04-10 03:08:00+00:00,71951.5546875,71951.5546875,71951.5546875,71951.5546875,41668608,2026-04-10 11:39:17.712899
2026-04-10 03:09:00+00:00,71974.7890625,71974.7890625,71974.7890625,71974.7890625,0,2026-04-10 11:39:17.712899
2026-04-10 03:11:00+00:00,71898.9765625,71898.9765625,71898.9765625,71898.9765625,0,2026-04-10 11:39:17.712899
2026-04-10 03:12:00+00:00,71904.7421875,71904.7421875,71904.7421875,71904.7421875,0,2026-04-10 11:39:17.712899
2026-04-10 03:13:00+00:00,71905.171875,71905.171875,71905.171875,71905.171875,45031424,2026-04-10 11:39:17.712899
2026-04-10 03:14:00+00:00,71886.2265625,71886.2265625,71886.2265625,71886.2265625,491520,2026-04-10 11:39:17.712899
2026-04-10 03:16:00+00:00,71870.3984375,71870.3984375,71870.3984375,71870.3984375,7806976,2026-04-10 11:39:17.712899
2026-04-10 03:18:00+00:00,71882.5,71882.5,71882.5,71882.5,1204224,2026-04-10 11:39:17.712899
2026-04-10 03:19:00+00:00,71919.0234375,71919.0234375,71919.0234375,71919.0234375,0,2026-04-10 11:39:17.712899
2026-04-10 03:22:00+00:00,71898.171875,71898.171875,71898.171875,71898.171875,0,2026-04-10 11:39:17.712899
2026-04-10 03:23:00+00:00,71895.4609375,71895.4609375,71895.4609375,71895.4609375,0,2026-04-10 11:39:17.712899
2026-04-10 03:25:00+00:00,71863.921875,71863.921875,71863.921875,71863.921875,0,2026-04-10 11:39:17.712899
2026-04-10 03:28:00+00:00,71853.2890625,71853.2890625,71853.2890625,71853.2890625,107859968,2026-04-10 11:39:17.712899
2026-04-10 03:29:00+00:00,71838.96875,71838.96875,71838.96875,71838.96875,258048,2026-04-10 11:39:17.712899
2026-04-10 03:30:00+00:00,71817.3515625,71817.3515625,71817.3515625,71817.3515625,1728512,2026-04-10 11:39:17.712899
2026-04-10 03:33:00+00:00,71864.25,71864.25,71864.25,71864.25,572850176,2026-04-10 11:39:17.712899
2026-04-10 03:34:00+00:00,71894.5546875,71894.5546875,71894.5546875,71894.5546875,0,2026-04-10 11:39:17.712899
2026-04-10 03:35:00+00:00,71891.3671875,71891.3671875,71891.3671875,71891.3671875,651264,2026-04-10 11:39:17.712899
2026-04-10 03:37:00+00:00,71957.984375,71957.984375,71957.984375,71957.984375,2699264,2026-04-10 11:39:17.712899
2026-04-10 03:40:00+00:00,71914.71875,71914.71875,71914.71875,71914.71875,26783744,2026-04-10 11:39:17.712899
2026-04-10 03:42:00+00:00,71935.1328125,71935.1328125,71935.1328125,71935.1328125,0,2026-04-10 11:39:17.712899
2026-04-10 03:43:00+00:00,71931.6171875,71931.6171875,71931.6171875,71931.6171875,0,2026-04-10 11:39:17.712899
2026-04-10 03:44:00+00:00,71929.7734375,71929.7734375,71929.7734375,71929.7734375,1814528,2026-04-10 11:39:17.712899
2026-04-10 03:46:00+00:00,71932.6328125,71932.6328125,71932.6328125,71932.6328125,5263360,2026-04-10 11:39:17.712899
2026-04-10 03:47:00+00:00,71935.421875,71935.421875,71935.421875,71935.421875,0,2026-04-10 11:39:17.712899
2026-04-10 03:49:00+00:00,71875.25,71875.25,71875.25,71875.25,0,2026-04-10 11:39:17.712899
2026-04-10 03:52:00+00:00,71855.390625,71855.390625,71855.390625,71855.390625,0,2026-04-10 11:39:17.712899
2026-04-10 03:54:00+00:00,71859.9921875,71859.9921875,71859.9921875,71859.9921875,8122368,2026-04-10 11:39:17.712899
2026-04-10 03:55:00+00:00,71869.9453125,71869.9453125,71869.9453125,71869.9453125,0,2026-04-10 11:39:17.712899
2026-04-10 03:57:00+00:00,71869.6328125,71869.6328125,71869.6328125,71869.6328125,4100096,2026-04-10 11:39:17.712899
2026-04-10 03:58:00+00:00,71869.8984375,71869.8984375,71869.8984375,71869.8984375,93462528,2026-04-10 11:39:17.712899
2026-04-10 03:59:00+00:00,71866.9375,71866.9375,71866.9375,71866.9375,221184,2026-04-10 11:39:17.712899
2026-04-10 04:01:00+00:00,71888.7265625,71888.7265625,71888.7265625,71888.7265625,0,2026-04-10 11:39:17.712899
2026-04-10 04:03:00+00:00,71892.671875,71892.671875,71892.671875,71892.671875,0,2026-04-10 11:39:17.712899
2026-04-10 04:04:00+00:00,71916.8515625,71916.8515625,71916.8515625,71916.8515625,0,2026-04-10 11:39:17.712899
2026-04-10 04:05:00+00:00,71915.125,71915.125,71915.125,71915.125,9170944,2026-04-10 11:39:17.712899
2026-04-10 04:06:00+00:00,71919.5078125,71919.5078125,71919.5078125,71919.5078125,552960,2026-04-10 11:39:17.712899
2026-04-10 04:09:00+00:00,71933.9296875,71933.9296875,71933.9296875,71933.9296875,0,2026-04-10 11:39:17.712899
2026-04-10 04:10:00+00:00,71919.8046875,71919.8046875,71919.8046875,71919.8046875,107483136,2026-04-10 11:39:17.712899
2026-04-10 04:12:00+00:00,71913.4296875,71913.4296875,71913.4296875,71913.4296875,0,2026-04-10 11:39:17.712899
2026-04-10 04:14:00+00:00,71904.1015625,71904.1015625,71904.1015625,71904.1015625,21069824,2026-04-10 11:39:17.712899
2026-04-10 04:16:00+00:00,71887.453125,71887.453125,71887.453125,71887.453125,0,2026-04-10 11:39:17.712899
2026-04-10 04:17:00+00:00,71924.078125,71924.078125,71924.078125,71924.078125,630784,2026-04-10 11:39:17.712899
2026-04-10 04:19:00+00:00,71908.5390625,71908.5390625,71908.5390625,71908.5390625,27353088,2026-04-10 11:39:17.712899
2026-04-10 04:20:00+00:00,71905.15625,71905.15625,71905.15625,71905.15625,0,2026-04-10 11:39:17.712899
2026-04-10 04:23:00+00:00,71929.1796875,71929.1796875,71929.1796875,71929.1796875,0,2026-04-10 11:39:17.712899
2026-04-10 04:24:00+00:00,71931.53125,71931.53125,71931.53125,71931.53125,5545984,2026-04-10 11:39:17.712899
2026-04-10 04:26:00+00:00,71894.2109375,71894.2109375,71894.2109375,71894.2109375,23502848,2026-04-10 11:39:17.712899
2026-04-10 04:27:00+00:00,71921.53125,71921.53125,71921.53125,71921.53125,2150400,2026-04-10 11:39:17.712899
2026-04-10 04:28:00+00:00,71924.6015625,71924.6015625,71924.6015625,71924.6015625,47677440,2026-04-10 11:39:17.712899
2026-04-10 04:29:00+00:00,71904.3203125,71904.3203125,71904.3203125,71904.3203125,0,2026-04-10 11:39:17.712899
2026-04-10 04:32:00+00:00,71851.4609375,71851.4609375,71851.4609375,71851.4609375,66510848,2026-04-10 11:39:17.712899
2026-04-10 04:33:00+00:00,71845.609375,71845.609375,71845.609375,71845.609375,3055616,2026-04-10 11:39:17.712899
2026-04-10 04:35:00+00:00,71847.8828125,71847.8828125,71847.8828125,71847.8828125,0,2026-04-10 11:39:17.712899
2026-04-10 04:38:00+00:00,71909.578125,71909.578125,71909.578125,71909.578125,74006528,2026-04-10 11:39:17.712899
2026-04-10 04:40:00+00:00,71896.453125,71896.453125,71896.453125,71896.453125,0,2026-04-10 11:39:17.712899
2026-04-10 04:42:00+00:00,71882.8046875,71882.8046875,71882.8046875,71882.8046875,0,2026-04-10 11:39:17.712899
2026-04-10 04:43:00+00:00,71891.765625,71891.765625,71891.765625,71891.765625,92577792,2026-04-10 11:39:17.712899
2026-04-10 04:44:00+00:00,71895.0,71895.0,71895.0,71895.0,765952,2026-04-10 11:39:17.712899
2026-04-10 04:45:00+00:00,71896.4140625,71896.4140625,71896.4140625,71896.4140625,0,2026-04-10 11:39:17.712899
2026-04-10 04:48:00+00:00,71910.8359375,71910.8359375,71910.8359375,71910.8359375,20680704,2026-04-10 11:39:17.712899
2026-04-10 04:51:00+00:00,71921.4609375,71921.4609375,71921.4609375,71921.4609375,11010048,2026-04-10 11:39:17.712899
2026-04-10 04:52:00+00:00,71957.703125,71957.703125,71957.703125,71957.703125,35373056,2026-04-10 11:39:17.712899
2026-04-10 04:53:00+00:00,72098.765625,72098.765625,72098.765625,72098.765625,19759104,2026-04-10 11:39:17.712899
2026-04-10 04:56:00+00:00,72114.984375,72114.984375,72114.984375,72114.984375,0,2026-04-10 11:39:17.712899
2026-04-10 04:58:00+00:00,72057.9453125,72057.9453125,72057.9453125,72057.9453125,98443264,2026-04-10 11:39:17.712899
2026-04-10 04:59:00+00:00,72075.203125,72075.203125,72075.203125,72075.203125,2625536,2026-04-10 11:39:17.712899
2026-04-10 05:00:00+00:00,72101.890625,72101.890625,72101.890625,72101.890625,1376256,2026-04-10 11:39:17.712899
2026-04-10 05:03:00+00:00,72068.84375,72068.84375,72068.84375,72068.84375,0,2026-04-10 11:39:17.712899
2026-04-10 05:04:00+00:00,72085.5234375,72085.5234375,72085.5234375,72085.5234375,0,2026-04-10 11:39:17.712899
2026-04-10 05:06:00+00:00,72145.546875,72145.546875,72145.546875,72145.546875,20316160,2026-04-10 11:39:17.712899
2026-04-10 05:07:00+00:00,72148.9140625,72148.9140625,72148.9140625,72148.9140625,97292288,2026-04-10 11:39:17.712899
2026-04-10 05:08:00+00:00,72120.703125,72120.703125,72120.703125,72120.703125,5685248,2026-04-10 11:39:17.712899
2026-04-10 05:11:00+00:00,72027.4140625,72027.4140625,72027.4140625,72027.4140625,24711168,2026-04-10 11:39:17.712899
2026-04-10 05:12:00+00:00,72018.609375,72018.609375,72018.609375,72018.609375,0,2026-04-10 11:39:17.712899
2026-04-10 05:14:00+00:00,72044.046875,72044.046875,72044.046875,72044.046875,0,2026-04-10 11:39:17.712899
2026-04-10 05:15:00+00:00,72038.734375,72038.734375,72038.734375,72038.734375,3530752,2026-04-10 11:39:17.712899
2026-04-10 05:16:00+00:00,72040.9609375,72040.9609375,72040.9609375,72040.9609375,677900288,2026-04-10 11:39:17.712899
2026-04-10 05:17:00+00:00,72055.78125,72055.78125,72055.78125,72055.78125,0,2026-04-10 11:39:17.712899
2026-04-10 05:19:00+00:00,72036.65625,72036.65625,72036.65625,72036.65625,0,2026-04-10 11:39:17.712899
2026-04-10 05:20:00+00:00,72056.3671875,72056.3671875,72056.3671875,72056.3671875,1499136,2026-04-10 11:39:17.712899
2026-04-10 05:22:00+00:00,72168.765625,72168.765625,72168.765625,72168.765625,0,2026-04-10 11:39:17.712899
2026-04-10 05:24:00+00:00,72185.9140625,72185.9140625,72185.9140625,72185.9140625,73469952,2026-04-10 11:39:17.712899
2026-04-10 05:25:00+00:00,72210.140625,72210.140625,72210.140625,72210.140625,0,2026-04-10 11:39:17.712899
2026-04-10 05:27:00+00:00,72249.4375,72249.4375,72249.4375,72249.4375,0,2026-04-10 11:39:17.712899
2026-04-10 05:28:00+00:00,72249.5,72249.5,72249.5,72249.5,68034560,2026-04-10 11:39:17.712899
2026-04-10 05:29:00+00:00,72247.6015625,72247.6015625,72247.6015625,72247.6015625,0,2026-04-10 11:39:17.712899
2026-04-10 05:32:00+00:00,72224.2265625,72224.2265625,72224.2265625,72224.2265625,0,2026-04-10 11:39:17.712899
2026-04-10 05:34:00+00:00,72220.3203125,72220.3203125,72220.3203125,72220.3203125,198639616,2026-04-10 11:39:17.712899
2026-04-10 05:35:00+00:00,72212.59375,72212.59375,72212.59375,72212.59375,0,2026-04-10 11:39:17.712899
2026-04-10 05:37:00+00:00,72184.640625,72184.640625,72184.640625,72184.640625,4202496,2026-04-10 11:39:17.712899
2026-04-10 05:38:00+00:00,72204.359375,72204.359375,72204.359375,72204.359375,0,2026-04-10 11:39:17.712899
2026-04-10 05:39:00+00:00,72200.828125,72200.828125,72200.828125,72200.828125,0,2026-04-10 11:39:17.712899
2026-04-10 05:40:00+00:00,72208.484375,72208.484375,72208.484375,72208.484375,0,2026-04-10 11:39:17.712899
2026-04-10 05:42:00+00:00,72187.9921875,72187.9921875,72187.9921875,72187.9921875,0,2026-04-10 11:39:17.712899
2026-04-10 05:44:00+00:00,72178.40625,72178.40625,72178.40625,72178.40625,15978496,2026-04-10 11:39:17.712899
2026-04-10 05:46:00+00:00,72187.0625,72187.0625,72187.0625,72187.0625,0,2026-04-10 11:39:17.712899
2026-04-10 05:47:00+00:00,72192.21875,72192.21875,72192.21875,72192.21875,0,2026-04-10 11:39:17.712899
2026-04-10 05:48:00+00:00,72176.9765625,72176.9765625,72176.9765625,72176.9765625,0,2026-04-10 11:39:17.712899
2026-04-10 05:50:00+00:00,72189.4921875,72189.4921875,72189.4921875,72189.4921875,0,2026-04-10 11:39:17.712899
2026-04-10 05:52:00+00:00,72198.6171875,72198.6171875,72198.6171875,72198.6171875,0,2026-04-10 11:39:17.712899
2026-04-10 05:54:00+00:00,72116.4921875,72116.4921875,72116.4921875,72116.4921875,243228672,2026-04-10 11:39:17.712899
2026-04-10 05:55:00+00:00,72110.59375,72110.59375,72110.59375,72110.59375,0,2026-04-10 11:39:17.712899
2026-04-10 05:56:00+00:00,72104.9375,72104.9375,72104.9375,72104.9375,0,2026-04-10 11:39:17.712899
2026-04-10 05:58:00+00:00,72106.4375,72106.4375,72106.4375,72106.4375,0,2026-04-10 11:39:17.712899
2026-04-10 05:59:00+00:00,72110.9609375,72110.9609375,72110.9609375,72110.9609375,237568,2026-04-10 11:39:17.712899
2026-04-10 06:00:00+00:00,72124.4765625,72124.4765625,72124.4765625,72124.4765625,450560,2026-04-10 11:39:17.712899
2026-04-10 06:02:00+00:00,72124.171875,72124.171875,72124.171875,72124.171875,0,2026-04-10 11:39:17.712899
2026-04-10 06:03:00+00:00,72118.8203125,72118.8203125,72118.8203125,72118.8203125,5230592,2026-04-10 11:39:17.712899
2026-04-10 06:06:00+00:00,72146.7421875,72146.7421875,72146.7421875,72146.7421875,0,2026-04-10 11:39:17.712899
2026-04-10 06:07:00+00:00,72148.390625,72148.390625,72148.390625,72148.390625,5496832,2026-04-10 11:39:17.712899
2026-04-10 06:08:00+00:00,72133.8046875,72133.8046875,72133.8046875,72133.8046875,0,2026-04-10 11:39:17.712899
2026-04-10 06:09:00+00:00,72126.828125,72126.828125,72126.828125,72126.828125,0,2026-04-10 11:39:17.712899
2026-04-10 06:11:00+00:00,72088.09375,72088.09375,72088.09375,72088.09375,0,2026-04-10 11:39:17.712899
2026-04-10 06:12:00+00:00,72100.203125,72100.203125,72100.203125,72100.203125,5095424,2026-04-10 11:39:17.712899
2026-04-10 06:14:00+00:00,72068.0625,72068.0625,72068.0625,72068.0625,81989632,2026-04-10 11:39:17.712899
2026-04-10 06:15:00+00:00,72143.6875,72143.6875,72143.6875,72143.6875,618496,2026-04-10 11:39:17.712899
2026-04-10 06:16:00+00:00,72112.8359375,72112.8359375,72112.8359375,72112.8359375,44335104,2026-04-10 11:39:17.712899
2026-04-10 06:18:00+00:00,72106.5859375,72106.5859375,72106.5859375,72106.5859375,0,2026-04-10 11:39:17.712899
2026-04-10 06:19:00+00:00,72072.609375,72072.609375,72072.609375,72072.609375,0,2026-04-10 11:39:17.712899
2026-04-10 06:20:00+00:00,71998.53125,71998.53125,71998.53125,71998.53125,0,2026-04-10 11:39:17.712899
2026-04-10 06:21:00+00:00,71977.7265625,71977.7265625,71977.7265625,71977.7265625,0,2026-04-10 11:39:17.712899
2026-04-10 06:22:00+00:00,71991.234375,71991.234375,71991.234375,71991.234375,0,2026-04-10 11:39:17.712899
2026-04-10 06:24:00+00:00,71995.0703125,71995.0703125,71995.0703125,71995.0703125,5029888,2026-04-10 11:39:17.712899
2026-04-10 06:25:00+00:00,71989.4765625,71989.4765625,71989.4765625,71989.4765625,554287104,2026-04-10 11:39:17.712899
2026-04-10 06:27:00+00:00,71966.078125,71966.078125,71966.078125,71966.078125,0,2026-04-10 11:39:17.712899
2026-04-10 06:28:00+00:00,71955.5546875,71955.5546875,71955.5546875,71955.5546875,72323072,2026-04-10 11:39:17.712899
2026-04-10 06:29:00+00:00,71964.7890625,71964.7890625,71964.7890625,71964.7890625,0,2026-04-10 11:39:17.712899
2026-04-10 06:30:00+00:00,71963.4296875,71963.4296875,71963.4296875,71963.4296875,434176,2026-04-10 11:39:17.712899
2026-04-10 06:31:00+00:00,71944.1484375,71944.1484375,71944.1484375,71944.1484375,0,2026-04-10 11:39:17.712899
2026-04-10 06:33:00+00:00,71953.1953125,71953.1953125,71953.1953125,71953.1953125,0,2026-04-10 11:39:17.712899
2026-04-10 06:36:00+00:00,71972.7265625,71972.7265625,71972.7265625,71972.7265625,0,2026-04-10 11:39:17.712899
2026-04-10 06:37:00+00:00,71943.125,71943.125,71943.125,71943.125,67637248,2026-04-10 11:39:17.712899
2026-04-10 06:39:00+00:00,71901.671875,71901.671875,71901.671875,71901.671875,0,2026-04-10 11:39:17.712899
2026-04-10 06:42:00+00:00,71926.3125,71926.3125,71926.3125,71926.3125,0,2026-04-10 11:39:17.712899
2026-04-10 06:45:00+00:00,71927.515625,71927.515625,71927.515625,71927.515625,0,2026-04-10 11:39:17.712899
2026-04-10 06:46:00+00:00,71923.5078125,71923.5078125,71923.5078125,71923.5078125,100577280,2026-04-10 11:39:17.712899
2026-04-10 06:47:00+00:00,71937.0546875,71937.0546875,71937.0546875,71937.0546875,0,2026-04-10 11:39:17.712899
2026-04-10 06:48:00+00:00,71953.5078125,71953.5078125,71953.5078125,71953.5078125,1036288,2026-04-10 11:39:17.712899
2026-04-10 06:49:00+00:00,71954.6796875,71954.6796875,71954.6796875,71954.6796875,0,2026-04-10 11:39:17.712899
2026-04-10 06:50:00+00:00,71899.5234375,71899.5234375,71899.5234375,71899.5234375,1773568,2026-04-10 11:39:17.712899
2026-04-10 06:51:00+00:00,71852.5546875,71852.5546875,71852.5546875,71852.5546875,0,2026-04-10 11:39:17.712899
2026-04-10 06:54:00+00:00,71851.1171875,71851.1171875,71851.1171875,71851.1171875,0,2026-04-10 11:39:17.712899
2026-04-10 06:56:00+00:00,71832.2421875,71832.2421875,71832.2421875,71832.2421875,0,2026-04-10 11:39:17.712899
2026-04-10 06:58:00+00:00,71804.453125,71804.453125,71804.453125,71804.453125,15200256,2026-04-10 11:39:17.712899
2026-04-10 06:59:00+00:00,71818.6171875,71818.6171875,71818.6171875,71818.6171875,8785920,2026-04-10 11:39:17.712899
2026-04-10 07:00:00+00:00,71817.7890625,71817.7890625,71817.7890625,71817.7890625,278528,2026-04-10 11:39:17.712899
2026-04-10 07:01:00+00:00,71827.6640625,71827.6640625,71827.6640625,71827.6640625,0,2026-04-10 11:39:17.712899
2026-04-10 07:03:00+00:00,71801.296875,71801.296875,71801.296875,71801.296875,1118208,2026-04-10 11:39:17.712899
2026-04-10 07:05:00+00:00,71794.0078125,71794.0078125,71794.0078125,71794.0078125,5795840,2026-04-10 11:39:17.712899
2026-04-10 07:08:00+00:00,71750.5546875,71750.5546875,71750.5546875,71750.5546875,16207872,2026-04-10 11:39:17.712899
2026-04-10 07:09:00+00:00,71779.5234375,71779.5234375,71779.5234375,71779.5234375,7479296,2026-04-10 11:39:17.712899
2026-04-10 07:11:00+00:00,71761.4140625,71761.4140625,71761.4140625,71761.4140625,0,2026-04-10 11:39:17.712899
2026-04-10 07:12:00+00:00,71757.921875,71757.921875,71757.921875,71757.921875,208896,2026-04-10 11:39:17.712899
2026-04-10 07:13:00+00:00,71731.59375,71731.59375,71731.59375,71731.59375,20664320,2026-04-10 11:39:17.712899
2026-04-10 07:14:00+00:00,71728.109375,71728.109375,71728.109375,71728.109375,1175552,2026-04-10 11:39:17.712899
2026-04-10 07:16:00+00:00,71719.328125,71719.328125,71719.328125,71719.328125,0,2026-04-10 11:39:17.712899
2026-04-10 07:17:00+00:00,71743.671875,71743.671875,71743.671875,71743.671875,610304,2026-04-10 11:39:17.712899
2026-04-10 07:18:00+00:00,71744.6015625,71744.6015625,71744.6015625,71744.6015625,2387968,2026-04-10 11:39:17.712899
2026-04-10 07:19:00+00:00,71758.5546875,71758.5546875,71758.5546875,71758.5546875,0,2026-04-10 11:39:17.712899
2026-04-10 07:20:00+00:00,71748.140625,71748.140625,71748.140625,71748.140625,0,2026-04-10 11:39:17.712899
2026-04-10 07:21:00+00:00,71761.1640625,71761.1640625,71761.1640625,71761.1640625,1425408,2026-04-10 11:39:17.712899
2026-04-10 07:23:00+00:00,71757.8046875,71757.8046875,71757.8046875,71757.8046875,63959040,2026-04-10 11:39:17.712899
2026-04-10 07:25:00+00:00,71756.5703125,71756.5703125,71756.5703125,71756.5703125,12730368,2026-04-10 11:39:17.712899
2026-04-10 07:26:00+00:00,71740.578125,71740.578125,71740.578125,71740.578125,2007040,2026-04-10 11:39:17.712899
2026-04-10 07:27:00+00:00,71726.4921875,71726.4921875,71726.4921875,71726.4921875,1318912,2026-04-10 11:39:17.712899
2026-04-10 07:28:00+00:00,71708.1796875,71708.1796875,71708.1796875,71708.1796875,0,2026-04-10 11:39:17.712899
2026-04-10 07:29:00+00:00,71726.28125,71726.28125,71726.28125,71726.28125,847872,2026-04-10 11:39:17.712899
2026-04-10 07:30:00+00:00,71736.625,71736.625,71736.625,71736.625,1146880,2026-04-10 11:39:17.712899
2026-04-10 07:31:00+00:00,71709.1328125,71709.1328125,71709.1328125,71709.1328125,9908224,2026-04-10 11:39:17.712899
2026-04-10 07:32:00+00:00,71707.6328125,71707.6328125,71707.6328125,71707.6328125,892928,2026-04-10 11:39:17.712899
2026-04-10 07:34:00+00:00,71755.3984375,71755.3984375,71755.3984375,71755.3984375,0,2026-04-10 11:39:17.712899
2026-04-10 07:36:00+00:00,71734.5390625,71734.5390625,71734.5390625,71734.5390625,1220608,2026-04-10 11:39:17.712899
2026-04-10 07:37:00+00:00,71748.5859375,71748.5859375,71748.5859375,71748.5859375,28823552,2026-04-10 11:39:17.712899
2026-04-10 07:39:00+00:00,71757.0546875,71757.0546875,71757.0546875,71757.0546875,3567616,2026-04-10 11:39:17.712899
2026-04-10 07:40:00+00:00,71717.734375,71717.734375,71717.734375,71717.734375,0,2026-04-10 11:39:17.712899
2026-04-10 07:42:00+00:00,71726.4921875,71726.4921875,71726.4921875,71726.4921875,0,2026-04-10 11:39:17.712899
2026-04-10 07:43:00+00:00,71716.28125,71716.28125,71716.28125,71716.28125,7516160,2026-04-10 11:39:17.712899
2026-04-10 07:44:00+00:00,71692.2109375,71692.2109375,71692.2109375,71692.2109375,0,2026-04-10 11:39:17.712899
2026-04-10 07:45:00+00:00,71661.2265625,71661.2265625,71661.2265625,71661.2265625,0,2026-04-10 11:39:17.712899
2026-04-10 07:46:00+00:00,71681.4921875,71681.4921875,71681.4921875,71681.4921875,0,2026-04-10 11:39:17.712899
2026-04-10 07:47:00+00:00,71671.28125,71671.28125,71671.28125,71671.28125,0,2026-04-10 11:39:17.712899
2026-04-10 07:48:00+00:00,71669.1171875,71669.1171875,71669.1171875,71669.1171875,999424,2026-04-10 11:39:17.712899
2026-04-10 07:49:00+00:00,71657.5,71657.5,71657.5,71657.5,0,2026-04-10 11:39:17.712899
2026-04-10 07:51:00+00:00,71618.8671875,71618.8671875,71618.8671875,71618.8671875,1343488,2026-04-10 11:39:17.712899
2026-04-10 07:52:00+00:00,71551.15625,71551.15625,71551.15625,71551.15625,6144000,2026-04-10 11:39:17.712899
2026-04-10 07:53:00+00:00,71532.4140625,71532.4140625,71532.4140625,71532.4140625,4329472,2026-04-10 11:39:17.712899
2026-04-10 07:54:00+00:00,71519.6171875,71519.6171875,71519.6171875,71519.6171875,6791168,2026-04-10 11:39:17.712899
2026-04-10 07:55:00+00:00,71445.828125,71445.828125,71445.828125,71445.828125,82075648,2026-04-10 11:39:17.712899
2026-04-10 07:56:00+00:00,71481.25,71481.25,71481.25,71481.25,0,2026-04-10 11:39:17.712899
2026-04-10 07:57:00+00:00,71472.8515625,71472.8515625,71472.8515625,71472.8515625,6017024,2026-04-10 11:39:17.712899
2026-04-10 07:58:00+00:00,71504.359375,71504.359375,71504.359375,71504.359375,41697280,2026-04-10 11:39:17.712899
2026-04-10 07:59:00+00:00,71474.5234375,71474.5234375,71474.5234375,71474.5234375,0,2026-04-10 11:39:17.712899
2026-04-10 08:00:00+00:00,71484.5546875,71484.5546875,71484.5546875,71484.5546875,4145152,2026-04-10 11:39:17.712899
2026-04-10 08:02:00+00:00,71479.0078125,71479.0078125,71479.0078125,71479.0078125,909312,2026-04-10 11:39:17.712899
2026-04-10 08:04:00+00:00,71444.78125,71444.78125,71444.78125,71444.78125,117182464,2026-04-10 11:39:17.712899
2026-04-10 08:06:00+00:00,71479.90625,71479.90625,71479.90625,71479.90625,21553152,2026-04-10 11:39:17.712899
2026-04-10 08:08:00+00:00,71564.140625,71564.140625,71564.140625,71564.140625,61390848,2026-04-10 11:39:17.712899
2026-04-10 08:09:00+00:00,71584.40625,71584.40625,71584.40625,71584.40625,11317248,2026-04-10 11:39:17.712899
2026-04-10 08:11:00+00:00,71616.6796875,71616.6796875,71616.6796875,71616.6796875,24199168,2026-04-10 11:39:17.712899
2026-04-10 08:13:00+00:00,71648.4453125,71648.4453125,71648.4453125,71648.4453125,8114176,2026-04-10 11:39:17.712899
2026-04-10 08:14:00+00:00,71609.2109375,71609.2109375,71609.2109375,71609.2109375,4186112,2026-04-10 11:39:17.712899
2026-04-10 08:15:00+00:00,71596.5625,71596.5625,71596.5625,71596.5625,10555392,2026-04-10 11:39:17.712899
2026-04-10 08:17:00+00:00,71552.34375,71552.34375,71552.34375,71552.34375,31920128,2026-04-10 11:39:17.712899
2026-04-10 08:18:00+00:00,71555.7734375,71555.7734375,71555.7734375,71555.7734375,0,2026-04-10 11:39:17.712899
2026-04-10 08:19:00+00:00,71610.46875,71610.46875,71610.46875,71610.46875,116371456,2026-04-10 11:39:17.712899
2026-04-10 08:20:00+00:00,71622.09375,71622.09375,71622.09375,71622.09375,4399104,2026-04-10 11:39:17.712899
2026-04-10 08:22:00+00:00,71637.5703125,71637.5703125,71637.5703125,71637.5703125,20115456,2026-04-10 11:39:17.712899
2026-04-10 08:23:00+00:00,71627.2421875,71627.2421875,71627.2421875,71627.2421875,942080,2026-04-10 11:39:17.712899
2026-04-10 08:25:00+00:00,71666.359375,71666.359375,71666.359375,71666.359375,63135744,2026-04-10 11:39:17.712899
2026-04-10 08:27:00+00:00,71668.8046875,71668.8046875,71668.8046875,71668.8046875,0,2026-04-10 11:39:17.712899
2026-04-10 08:28:00+00:00,71670.0234375,71670.0234375,71670.0234375,71670.0234375,13983744,2026-04-10 11:39:17.712899
2026-04-10 08:30:00+00:00,71647.2578125,71647.2578125,71647.2578125,71647.2578125,1470464,2026-04-10 11:39:17.712899
2026-04-10 08:32:00+00:00,71672.1875,71672.1875,71672.1875,71672.1875,0,2026-04-10 11:39:17.712899
2026-04-10 08:33:00+00:00,71675.6640625,71675.6640625,71675.6640625,71675.6640625,6623232,2026-04-10 11:39:17.712899
2026-04-10 08:35:00+00:00,71641.5625,71641.5625,71641.5625,71641.5625,11931648,2026-04-10 11:39:17.712899
2026-04-10 08:36:00+00:00,71663.671875,71663.671875,71663.671875,71663.671875,0,2026-04-10 11:39:17.712899
2026-04-10 08:38:00+00:00,71682.296875,71682.296875,71682.296875,71682.296875,0,2026-04-10 11:39:17.712899
2026-04-10 08:39:00+00:00,71709.125,71709.125,71709.125,71709.125,4456448,2026-04-10 11:39:17.712899
2026-04-10 08:40:00+00:00,71741.7578125,71741.7578125,71741.7578125,71741.7578125,133705728,2026-04-10 11:39:17.712899
2026-04-10 08:41:00+00:00,71737.9453125,71737.9453125,71737.9453125,71737.9453125,1445888,2026-04-10 11:39:17.712899
2026-04-10 08:42:00+00:00,71747.3671875,71747.3671875,71747.3671875,71747.3671875,0,2026-04-10 11:39:17.712899
2026-04-10 08:44:00+00:00,71733.828125,71733.828125,71733.828125,71733.828125,0,2026-04-10 11:39:17.712899
2026-04-10 08:46:00+00:00,71696.125,71696.125,71696.125,71696.125,15212544,2026-04-10 11:39:17.712899
2026-04-10 08:47:00+00:00,71708.1875,71708.1875,71708.1875,71708.1875,0,2026-04-10 11:39:17.712899
2026-04-10 08:48:00+00:00,71598.4375,71598.4375,71598.4375,71598.4375,1576960,2026-04-10 11:39:17.712899
2026-04-10 08:49:00+00:00,71576.8359375,71576.8359375,71576.8359375,71576.8359375,0,2026-04-10 11:39:17.712899
2026-04-10 08:50:00+00:00,71559.3359375,71559.3359375,71559.3359375,71559.3359375,0,2026-04-10 11:39:17.712899
2026-04-10 08:51:00+00:00,71515.0703125,71515.0703125,71515.0703125,71515.0703125,0,2026-04-10 11:39:17.712899
2026-04-10 08:52:00+00:00,71520.6796875,71520.6796875,71520.6796875,71520.6796875,0,2026-04-10 11:39:17.712899
2026-04-10 08:54:00+00:00,71543.0703125,71543.0703125,71543.0703125,71543.0703125,0,2026-04-10 11:39:17.712899
2026-04-10 08:55:00+00:00,71564.9453125,71564.9453125,71564.9453125,71564.9453125,5562368,2026-04-10 11:39:17.712899
2026-04-10 08:57:00+00:00,71582.8515625,71582.8515625,71582.8515625,71582.8515625,5689344,2026-04-10 11:39:17.712899
2026-04-10 08:58:00+00:00,71597.2109375,71597.2109375,71597.2109375,71597.2109375,0,2026-04-10 11:39:17.712899
2026-04-10 08:59:00+00:00,71601.859375,71601.859375,71601.859375,71601.859375,11919360,2026-04-10 11:39:17.712899
2026-04-10 09:00:00+00:00,71607.3828125,71607.3828125,71607.3828125,71607.3828125,40960,2026-04-10 11:39:17.712899
2026-04-10 09:01:00+00:00,71597.328125,71597.328125,71597.328125,71597.328125,0,2026-04-10 11:39:17.712899
2026-04-10 09:02:00+00:00,71604.625,71604.625,71604.625,71604.625,0,2026-04-10 11:39:17.712899
2026-04-10 09:03:00+00:00,71629.4453125,71629.4453125,71629.4453125,71629.4453125,0,2026-04-10 11:39:17.712899
2026-04-10 09:05:00+00:00,71678.078125,71678.078125,71678.078125,71678.078125,0,2026-04-10 11:39:17.712899
2026-04-10 09:06:00+00:00,71679.34375,71679.34375,71679.34375,71679.34375,0,2026-04-10 11:39:17.712899
2026-04-10 09:08:00+00:00,71685.875,71685.875,71685.875,71685.875,0,2026-04-10 11:39:17.712899
2026-04-10 09:09:00+00:00,71685.7890625,71685.7890625,71685.7890625,71685.7890625,0,2026-04-10 11:39:17.712899
2026-04-10 09:11:00+00:00,71650.203125,71650.203125,71650.203125,71650.203125,0,2026-04-10 11:39:17.712899
2026-04-10 09:13:00+00:00,71670.7109375,71670.7109375,71670.7109375,71670.7109375,0,2026-04-10 11:39:17.712899
2026-04-10 09:14:00+00:00,71682.859375,71682.859375,71682.859375,71682.859375,0,2026-04-10 11:39:17.712899
2026-04-10 09:15:00+00:00,71689.0546875,71689.0546875,71689.0546875,71689.0546875,0,2026-04-10 11:39:17.712899
2026-04-10 09:16:00+00:00,71692.953125,71692.953125,71692.953125,71692.953125,87744512,2026-04-10 11:39:17.712899
2026-04-10 09:18:00+00:00,71699.734375,71699.734375,71699.734375,71699.734375,0,2026-04-10 11:39:17.712899
2026-04-10 09:19:00+00:00,71761.40625,71761.40625,71761.40625,71761.40625,0,2026-04-10 11:39:17.712899
2026-04-10 09:20:00+00:00,71811.0546875,71811.0546875,71811.0546875,71811.0546875,4202496,2026-04-10 11:39:17.712899
2026-04-10 09:23:00+00:00,71809.046875,71809.046875,71809.046875,71809.046875,39718912,2026-04-10 11:39:17.712899
2026-04-10 09:24:00+00:00,71802.40625,71802.40625,71802.40625,71802.40625,0,2026-04-10 11:39:17.712899
2026-04-10 09:26:00+00:00,71760.4140625,71760.4140625,71760.4140625,71760.4140625,1196032,2026-04-10 11:39:17.712899
2026-04-10 09:27:00+00:00,71757.2578125,71757.2578125,71757.2578125,71757.2578125,0,2026-04-10 11:39:17.712899
2026-04-10 09:28:00+00:00,71761.359375,71761.359375,71761.359375,71761.359375,41361408,2026-04-10 11:39:17.712899
2026-04-10 09:29:00+00:00,71739.890625,71739.890625,71739.890625,71739.890625,1945600,2026-04-10 11:39:17.712899
2026-04-10 09:30:00+00:00,71753.578125,71753.578125,71753.578125,71753.578125,0,2026-04-10 11:39:17.712899
2026-04-10 09:32:00+00:00,71786.578125,71786.578125,71786.578125,71786.578125,53153792,2026-04-10 11:39:17.712899
2026-04-10 09:33:00+00:00,71763.8828125,71763.8828125,71763.8828125,71763.8828125,0,2026-04-10 11:39:17.712899
2026-04-10 09:34:00+00:00,71768.4375,71768.4375,71768.4375,71768.4375,0,2026-04-10 11:39:17.712899
2026-04-10 09:35:00+00:00,71793.9375,71793.9375,71793.9375,71793.9375,1552384,2026-04-10 11:39:17.712899
2026-04-10 09:36:00+00:00,71793.796875,71793.796875,71793.796875,71793.796875,0,2026-04-10 11:39:17.712899
2026-04-10 09:38:00+00:00,71847.7890625,71847.7890625,71847.7890625,71847.7890625,30846976,2026-04-10 11:39:17.712899
2026-04-10 09:39:00+00:00,71853.765625,71853.765625,71853.765625,71853.765625,3686400,2026-04-10 11:39:17.712899
2026-04-10 09:40:00+00:00,71845.703125,71845.703125,71845.703125,71845.703125,0,2026-04-10 11:39:17.712899
2026-04-10 09:42:00+00:00,71822.671875,71822.671875,71822.671875,71822.671875,3985408,2026-04-10 11:39:17.712899
2026-04-10 09:43:00+00:00,71803.59375,71803.59375,71803.59375,71803.59375,0,2026-04-10 11:39:17.712899
2026-04-10 09:44:00+00:00,71799.7734375,71799.7734375,71799.7734375,71799.7734375,23838720,2026-04-10 11:39:17.712899
2026-04-10 09:45:00+00:00,71807.2890625,71807.2890625,71807.2890625,71807.2890625,0,2026-04-10 11:39:17.712899
2026-04-10 09:46:00+00:00,71799.0859375,71799.0859375,71799.0859375,71799.0859375,74825728,2026-04-10 11:39:17.712899
2026-04-10 09:47:00+00:00,71779.7109375,71779.7109375,71779.7109375,71779.7109375,0,2026-04-10 11:39:17.712899
2026-04-10 09:48:00+00:00,71754.3671875,71754.3671875,71754.3671875,71754.3671875,0,2026-04-10 11:39:17.712899
2026-04-10 09:50:00+00:00,71766.453125,71766.453125,71766.453125,71766.453125,0,2026-04-10 11:39:17.712899
2026-04-10 09:52:00+00:00,71778.03125,71778.03125,71778.03125,71778.03125,632455168,2026-04-10 11:39:17.712899
2026-04-10 09:54:00+00:00,71777.1484375,71777.1484375,71777.1484375,71777.1484375,5955584,2026-04-10 11:39:17.712899
2026-04-10 09:55:00+00:00,71779.3203125,71779.3203125,71779.3203125,71779.3203125,0,2026-04-10 11:39:17.712899
2026-04-10 09:56:00+00:00,71804.625,71804.625,71804.625,71804.625,0,2026-04-10 11:39:17.712899
2026-04-10 09:57:00+00:00,71806.3046875,71806.3046875,71806.3046875,71806.3046875,0,2026-04-10 11:39:17.712899
2026-04-10 09:58:00+00:00,71797.4921875,71797.4921875,71797.4921875,71797.4921875,0,2026-04-10 11:39:17.712899
2026-04-10 09:59:00+00:00,71796.2734375,71796.2734375,71796.2734375,71796.2734375,626688,2026-04-10 11:39:17.712899
2026-04-10 10:00:00+00:00,71790.0390625,71790.0390625,71790.0390625,71790.0390625,0,2026-04-10 11:39:17.712899
2026-04-10 10:01:00+00:00,71787.40625,71787.40625,71787.40625,71787.40625,0,2026-04-10 11:39:17.712899
2026-04-10 10:02:00+00:00,71783.0703125,71783.0703125,71783.0703125,71783.0703125,0,2026-04-10 11:39:17.712899
2026-04-10 10:03:00+00:00,71777.7109375,71777.7109375,71777.7109375,71777.7109375,0,2026-04-10 11:39:17.712899
2026-04-10 10:04:00+00:00,71788.2578125,71788.2578125,71788.2578125,71788.2578125,0,2026-04-10 11:39:17.712899
2026-04-10 10:06:00+00:00,71802.234375,71802.234375,71802.234375,71802.234375,4444160,2026-04-10 11:39:17.712899
2026-04-10 10:07:00+00:00,71736.1640625,71736.1640625,71736.1640625,71736.1640625,0,2026-04-10 11:39:17.712899
2026-04-10 10:08:00+00:00,71741.1171875,71741.1171875,71741.1171875,71741.1171875,0,2026-04-10 11:39:17.712899
2026-04-10 10:09:00+00:00,71772.3828125,71772.3828125,71772.3828125,71772.3828125,212992,2026-04-10 11:39:17.712899
2026-04-10 10:11:00+00:00,71753.21875,71753.21875,71753.21875,71753.21875,91779072,2026-04-10 11:39:17.712899
2026-04-10 10:13:00+00:00,71762.515625,71762.515625,71762.515625,71762.515625,6615040,2026-04-10 11:39:17.712899
2026-04-10 10:14:00+00:00,71779.0078125,71779.0078125,71779.0078125,71779.0078125,3600384,2026-04-10 11:39:17.712899
2026-04-10 10:15:00+00:00,71803.296875,71803.296875,71803.296875,71803.296875,1429504,2026-04-10 11:39:17.712899
2026-04-10 10:16:00+00:00,71808.59375,71808.59375,71808.59375,71808.59375,7327744,2026-04-10 11:39:17.712899
2026-04-10 10:17:00+00:00,71811.890625,71811.890625,71811.890625,71811.890625,0,2026-04-10 11:39:17.712899
2026-04-10 10:18:00+00:00,71806.28125,71806.28125,71806.28125,71806.28125,1736704,2026-04-10 11:39:17.712899
2026-04-10 10:19:00+00:00,71811.2265625,71811.2265625,71811.2265625,71811.2265625,0,2026-04-10 11:39:17.712899
2026-04-10 10:20:00+00:00,71821.140625,71821.140625,71821.140625,71821.140625,0,2026-04-10 11:39:17.712899
2026-04-10 10:22:00+00:00,71789.890625,71789.890625,71789.890625,71789.890625,0,2026-04-10 11:39:17.712899
2026-04-10 10:23:00+00:00,71791.078125,71791.078125,71791.078125,71791.078125,1495040,2026-04-10 11:39:17.712899
2026-04-10 10:24:00+00:00,71774.9453125,71774.9453125,71774.9453125,71774.9453125,651264,2026-04-10 11:39:17.712899
2026-04-10 10:26:00+00:00,71772.203125,71772.203125,71772.203125,71772.203125,8417280,2026-04-10 11:39:17.712899
2026-04-10 10:27:00+00:00,71778.8828125,71778.8828125,71778.8828125,71778.8828125,0,2026-04-10 11:39:17.712899
2026-04-10 10:28:00+00:00,71752.0,71752.0,71752.0,71752.0,15937536,2026-04-10 11:39:17.712899
2026-04-10 10:29:00+00:00,71724.765625,71724.765625,71724.765625,71724.765625,552960,2026-04-10 11:39:17.712899
2026-04-10 10:30:00+00:00,71730.984375,71730.984375,71730.984375,71730.984375,0,2026-04-10 11:39:17.712899
2026-04-10 10:32:00+00:00,71745.125,71745.125,71745.125,71745.125,94007296,2026-04-10 11:39:17.712899
2026-04-10 10:34:00+00:00,71762.6640625,71762.6640625,71762.6640625,71762.6640625,0,2026-04-10 11:39:17.712899
2026-04-10 10:35:00+00:00,71764.640625,71764.640625,71764.640625,71764.640625,0,2026-04-10 11:39:17.712899
2026-04-10 10:37:00+00:00,71744.34375,71744.34375,71744.34375,71744.34375,36495360,2026-04-10 11:39:17.712899
2026-04-10 10:38:00+00:00,71748.484375,71748.484375,71748.484375,71748.484375,495616,2026-04-10 11:39:17.712899
2026-04-10 10:40:00+00:00,71781.140625,71781.140625,71781.140625,71781.140625,0,2026-04-10 11:39:17.712899
2026-04-10 10:42:00+00:00,71817.6796875,71817.6796875,71817.6796875,71817.6796875,11403264,2026-04-10 11:39:17.712899
2026-04-10 10:44:00+00:00,71811.953125,71811.953125,71811.953125,71811.953125,3969024,2026-04-10 11:39:17.712899
2026-04-10 10:45:00+00:00,71805.921875,71805.921875,71805.921875,71805.921875,0,2026-04-10 11:39:17.712899
2026-04-10 10:46:00+00:00,71809.765625,71809.765625,71809.765625,71809.765625,0,2026-04-10 11:39:17.712899
2026-04-10 10:48:00+00:00,71817.140625,71817.140625,71817.140625,71817.140625,3211264,2026-04-10 11:39:17.712899
2026-04-10 10:49:00+00:00,71827.3515625,71827.3515625,71827.3515625,71827.3515625,61304832,2026-04-10 11:39:17.712899
2026-04-10 10:51:00+00:00,71826.3203125,71826.3203125,71826.3203125,71826.3203125,2195456,2026-04-10 11:39:17.712899
2026-04-10 10:52:00+00:00,71881.6171875,71881.6171875,71881.6171875,71881.6171875,15495168,2026-04-10 11:39:17.712899
2026-04-10 10:53:00+00:00,71882.421875,71882.421875,71882.421875,71882.421875,0,2026-04-10 11:39:17.712899
2026-04-10 10:54:00+00:00,71900.734375,71900.734375,71900.734375,71900.734375,5840896,2026-04-10 11:39:17.712899
2026-04-10 10:55:00+00:00,71899.84375,71899.84375,71899.84375,71899.84375,0,2026-04-10 11:39:17.712899
2026-04-10 10:56:00+00:00,71919.4375,71919.4375,71919.4375,71919.4375,790528,2026-04-10 11:39:17.712899
2026-04-10 10:58:00+00:00,71913.671875,71913.671875,71913.671875,71913.671875,81362944,2026-04-10 11:39:17.712899
2026-04-10 10:59:00+00:00,71927.125,71927.125,71927.125,71927.125,716800,2026-04-10 11:39:17.712899
2026-04-10 11:01:00+00:00,71914.7734375,71914.7734375,71914.7734375,71914.7734375,41992192,2026-04-10 11:39:17.712899
2026-04-10 11:03:00+00:00,72000.3203125,72000.3203125,72000.3203125,72000.3203125,0,2026-04-10 11:39:17.712899
2026-04-10 11:04:00+00:00,72010.40625,72010.40625,72010.40625,72010.40625,506224640,2026-04-10 11:39:17.712899
2026-04-10 11:06:00+00:00,71993.9375,71993.9375,71993.9375,71993.9375,3190784,2026-04-10 11:39:17.712899
2026-04-10 11:07:00+00:00,71981.8828125,71981.8828125,71981.8828125,71981.8828125,0,2026-04-10 11:39:17.712899
2026-04-10 11:08:00+00:00,72002.6640625,72002.6640625,72002.6640625,72002.6640625,2322432,2026-04-10 11:39:17.712899
2026-04-10 11:11:00+00:00,72084.4375,72084.4375,72084.4375,72084.4375,132460544,2026-04-10 11:39:17.712899
2026-04-10 11:12:00+00:00,72098.359375,72098.359375,72098.359375,72098.359375,1118208,2026-04-10 11:39:17.712899
2026-04-10 11:13:00+00:00,72109.109375,72109.109375,72109.109375,72109.109375,0,2026-04-10 11:39:17.712899
2026-04-10 11:15:00+00:00,72126.5703125,72126.5703125,72126.5703125,72126.5703125,3805184,2026-04-10 11:39:17.712899
2026-04-10 11:17:00+00:00,72160.234375,72160.234375,72160.234375,72160.234375,59432960,2026-04-10 11:39:17.712899
2026-04-10 11:18:00+00:00,72138.2265625,72138.2265625,72138.2265625,72138.2265625,2662400,2026-04-10 11:39:17.712899
2026-04-10 11:19:00+00:00,72129.09375,72129.09375,72129.09375,72129.09375,0,2026-04-10 11:39:17.712899
2026-04-10 11:20:00+00:00,72167.421875,72167.421875,72167.421875,72167.421875,2531328,2026-04-10 11:39:17.712899
2026-04-10 11:21:00+00:00,72178.5234375,72178.5234375,72178.5234375,72178.5234375,8192,2026-04-10 11:39:17.712899
2026-04-10 11:23:00+00:00,72192.15625,72192.15625,72192.15625,72192.15625,58081280,2026-04-10 11:39:17.712899
2026-04-10 11:26:00+00:00,72168.8203125,72168.8203125,72168.8203125,72168.8203125,35225600,2026-04-10 11:39:17.712899
2026-04-10 11:28:00+00:00,72168.5078125,72168.5078125,72168.5078125,72168.5078125,14491648,2026-04-10 11:39:17.712899
2026-04-10 11:29:00+00:00,72182.046875,72182.046875,72182.046875,72182.046875,0,2026-04-10 11:39:17.712899
2026-04-10 11:30:00+00:00,72198.1640625,72198.1640625,72198.1640625,72198.1640625,0,2026-04-10 11:39:17.712899
2026-04-10 11:32:00+00:00,72200.453125,72200.453125,72200.453125,72200.453125,19464192,2026-04-10 11:39:17.712899
2026-04-10 11:33:00+00:00,72156.859375,72156.859375,72156.859375,72156.859375,0,2026-04-10 11:39:17.712899
2026-04-10 11:35:00+00:00,72168.0,72168.0,72168.0,72168.0,0,2026-04-10 11:39:17.712899
2026-04-10 11:36:00+00:00,72178.0859375,72178.0859375,72178.0859375,72178.0859375,0,2026-04-10 11:39:17.712899
