Price,Close,High,Low,Open,Volume,processed_at
Ticker,BTC-USD,BTC-USD,BTC-USD,BTC-USD,BTC-USD,
Datetime,,,,,,
2026-10-06 00:00:00+00:00,85778.09375,85778.09375,85764.96875,85766.7734375,0,2026-10-06 06:57:31.742058
2026-10-06 00:01:00+00:00,85792.671875,85800.859375,85789.90625,85789.90625,0,2026-10-06 06:57:31.742058
2026-10-06 00:02:00+00:00,85824.890625,85824.8984375,85785.6484375,85792.671875,0,2026-10-06 06:57:31.742058
2026-10-06 00:03:00+00:00,85832.7578125,85860.59375,85809.7421875,85824.890625,0,2026-10-06 06:57:31.742058
2026-10-06 00:04:00+00:00,85792.0234375,85834.6328125,85790.3203125,85834.6328125,0,2026-10-06 06:57:31.742058
2026-10-06 00:05:00+00:00,85787.28125,85787.3671875,85779.640625,85780.859375,0,2026-10-06 06:57:31.742058
2026-10-06 00:06:00+00:00,85784.203125,85784.203125,85765.0,85777.8125,0,2026-10-06 06:57:31.742058
2026-10-06 00:07:00+00:00,85801.0234375,85801.0234375,85779.9296875,85782.890625,0,2026-10-06 06:57:31.742058
2026-10-06 00:08:00+00:00,85810.609375,85832.796875,85805.7265625,85809.703125,46540800,2026-10-06 06:57:31.742058
2026-10-06 00:09:00+00:00,85826.8828125,85846.859375,85823.5625,85823.5625,0,2026-10-06 06:57:31.742058
2026-10-06 00:10:00+00:00,85857.71875,85857.71875,85826.8671875,85826.8671875,0,2026-10-06 06:57:31.742058
2026-10-06 00:11:00+00:00,85884.7578125,85884.7578125,85861.140625,85865.3203125,0,2026-10-06 06:57:31.742058
2026-10-06 00:12:00+00:00,85855.296875,85888.8671875,85851.796875,85888.8671875,0,2026-10-06 06:57:31.742058
2026-10-06 00:13:00+00:00,85845.84375,85850.65625,85845.84375,85845.84375,0,2026-10-06 06:57:31.742058
2026-10-06 00:14:00+00:00,85818.28125,85850.671875,85818.28125,85845.8515625,0,2026-10-06 06:57:31.742058
2026-10-06 00:15:00+00:00,85873.859375,85873.859375,85812.4765625,85812.4765625,0,2026-10-06 06:57:31.742058
2026-10-06 00:16:00+00:00,85898.3203125,85898.3203125,85874.7734375,85874.7734375,8093696,2026-10-06 06:57:31.742058
2026-10-06 00:17:00+00:00,85888.796875,85904.1484375,85874.7734375,85899.9765625,0,2026-10-06 06:57:31.742058
2026-10-06 00:18:00+00:00,85856.0078125,85897.1171875,85856.0078125,85895.828125,0,2026-10-06 06:57:31.742058
2026-10-06 00:19:00+00:00,85870.359375,85876.7734375,85856.0078125,85856.0234375,0,2026-10-06 06:57:31.742058
2026-10-06 00:20:00+00:00,85874.359375,85876.6015625,85846.859375,85870.359375,0,2026-10-06 06:57:31.742058
2026-10-06 00:21:00+00:00,85922.6171875,85922.6171875,85886.0234375,85886.0234375,429316096,2026-10-06 06:57:31.742058
2026-10-06 00:22:00+00:00,85942.75,85942.75,85912.8125,85922.6171875,0,2026-10-06 06:57:31.742058
2026-10-06 00:23:00+00:00,85958.8828125,85961.453125,85942.75,85942.75,0,2026-10-06 06:57:31.742058
2026-10-06 00:24:00+00:00,85952.171875,85968.5703125,85948.84375,85948.8515625,3870720,2026-10-06 06:57:31.742058
2026-10-06 00:25:00+00:00,85892.7109375,85936.7890625,85892.703125,85936.7890625,0,2026-10-06 06:57:31.742058
2026-10-06 00:26:00+00:00,85879.5703125,85892.7109375,85860.21875,85892.7109375,0,2026-10-06 06:57:31.742058
2026-10-06 00:27:00+00:00,85909.2890625,85909.2890625,85874.0390625,85879.578125,0,2026-10-06 06:57:31.742058
2026-10-06 00:28:00+00:00,85837.8984375,85920.40625,85836.84375,85920.40625,0,2026-10-06 06:57:31.742058
2026-10-06 00:29:00+00:00,85818.9765625,85833.9296875,85818.1875,85833.2578125,0,2026-10-06 06:57:31.742058
2026-10-06 00:30:00+00:00,85847.1328125,85859.8671875,85783.9921875,85824.28125,89772032,2026-10-06 06:57:31.742058
2026-10-06 00:31:00+00:00,85879.5234375,85881.2265625,85840.2421875,85849.84375,0,2026-10-06 06:57:31.742058
2026-10-06 00:32:00+00:00,85892.203125,85892.203125,85869.7734375,85879.2890625,24645632,2026-10-06 06:57:31.742058
2026-10-06 00:33:00+00:00,85859.15625,85892.609375,85859.15625,85892.203125,0,2026-10-06 06:57:31.742058
2026-10-06 00:34:00+00:00,85838.1328125,85846.8671875,85820.96875,85846.8671875,3469312,2026-10-06 06:57:31.742058
2026-10-06 00:35:00+00:00,85829.8671875,85842.6328125,85808.75,85838.1328125,0,2026-10-06 06:57:31.742058
2026-10-06 00:36:00+00:00,85784.0,85829.8671875,85784.0,85829.8671875,176560128,2026-10-06 06:57:31.742058
2026-10-06 00:37:00+00:00,85786.3984375,85786.3984375,85780.0,85784.2578125,0,2026-10-06 06:57:31.742058
2026-10-06 00:38:00+00:00,85804.2578125,85816.4609375,85770.0078125,85783.859375,0,2026-10-06 06:57:31.742058
2026-10-06 00:39:00+00:00,85786.3984375,85806.1171875,85786.3984375,85800.578125,0,2026-10-06 06:57:31.742058
2026-10-06 00:40:00+00:00,85815.453125,85823.9296875,85789.2421875,85789.2421875,10803200,2026-10-06 06:57:31.742058
2026-10-06 00:41:00+00:00,85770.4609375,85804.0703125,85770.4609375,85804.0625,0,2026-10-06 06:57:31.742058
2026-10-06 00:42:00+00:00,85792.296875,85797.1328125,85763.5703125,85770.4609375,0,2026-10-06 06:57:31.742058
2026-10-06 00:43:00+00:00,85803.6875,85803.703125,85792.2890625,85792.2890625,0,2026-10-06 06:57:31.742058
2026-10-06 00:44:00+00:00,85790.078125,85803.6875,85779.90625,85792.296875,0,2026-10-06 06:57:31.742058
2026-10-06 00:45:00+00:00,85762.8515625,85803.6875,85762.3203125,85803.6875,0,2026-10-06 06:57:31.742058
2026-10-06 00:46:00+00:00,85834.1796875,85834.1796875,85762.8515625,85762.8515625,0,2026-10-06 06:57:31.742058
2026-10-06 00:47:00+00:00,85806.09375,85837.5078125,85806.09375,85834.1796875,0,2026-10-06 06:57:31.742058
2026-10-06 00:48:00+00:00,85813.71875,85813.7421875,85801.03125,85808.7109375,0,2026-10-06 06:57:31.742058
2026-10-06 00:49:00+00:00,85822.421875,85823.8515625,85801.1875,85813.703125,5206016,2026-10-06 06:57:31.742058
2026-10-06 00:50:00+00:00,85855.6875,85866.0625,85832.4296875,85832.4296875,0,2026-10-06 06:57:31.742058
2026-10-06 00:51:00+00:00,85836.21875,85849.1875,85823.9375,85849.1875,0,2026-10-06 06:57:31.742058
2026-10-06 00:52:00+00:00,85836.9609375,85844.9921875,85825.2734375,85840.6015625,0,2026-10-06 06:57:31.742058
2026-10-06 00:53:00+00:00,85837.3125,85837.3125,85825.2734375,85825.7734375,0,2026-10-06 06:57:31.742058
2026-10-06 00:54:00+00:00,85838.3125,85842.453125,85837.3125,85837.3125,0,2026-10-06 06:57:31.742058
2026-10-06 00:55:00+00:00,85846.0078125,85846.0078125,85832.4609375,85838.3125,0,2026-10-06 06:57:31.742058
2026-10-06 00:56:00+00:00,85837.3984375,85838.640625,85836.203125,85837.6015625,0,2026-10-06 06:57:31.742058
2026-10-06 00:57:00+00:00,85864.96875,85869.7578125,85837.3984375,85837.3984375,0,2026-10-06 06:57:31.742058
2026-10-06 00:58:00+00:00,85855.578125,85864.96875,85849.15625,85864.96875,0,2026-10-06 06:57:31.742058
2026-10-06 00:59:00+00:00,85901.96875,85901.96875,85855.578125,85855.578125,0,2026-10-06 06:57:31.742058
2026-10-06 01:00:00+00:00,85990.8203125,85990.8203125,85947.890625,85950.453125,0,2026-10-06 06:57:31.742058
2026-10-06 01:01:00+00:00,86113.9765625,86113.9765625,85980.53125,85990.8203125,0,2026-10-06 06:57:31.742058
2026-10-06 01:02:00+00:00,86035.8515625,86113.9765625,86035.8515625,86101.8828125,0,2026-10-06 06:57:31.742058
2026-10-06 01:03:00+00:00,86035.25,86102.78125,86035.25,86053.671875,0,2026-10-06 06:57:31.742058
2026-10-06 01:04:00+00:00,86059.8671875,86064.3984375,86000.7265625,86012.703125,0,2026-10-06 06:57:31.742058
2026-10-06 01:05:00+00:00,86113.6796875,86115.6015625,86059.8671875,86059.8671875,0,2026-10-06 06:57:31.742058
2026-10-06 01:06:00+00:00,86100.3828125,86131.46875,86093.21875,86107.7578125,10924032,2026-10-06 06:57:31.742058
2026-10-06 01:07:00+00:00,86049.2421875,86097.78125,86049.2421875,86097.78125,0,2026-10-06 06:57:31.742058
2026-10-06 01:08:00+00:00,86049.4765625,86064.6328125,86049.25,86064.6171875,0,2026-10-06 06:57:31.742058
2026-10-06 01:09:00+00:00,86013.359375,86059.1171875,86006.296875,86049.4765625,0,2026-10-06 06:57:31.742058
2026-10-06 01:10:00+00:00,86038.75,86053.1328125,85995.8515625,86006.296875,0,2026-10-06 06:57:31.742058
2026-10-06 01:11:00+00:00,86025.46875,86051.703125,86018.7578125,86046.7578125,4919296,2026-10-06 06:57:31.742058
2026-10-06 01:12:00+00:00,86014.0,86032.3671875,86008.6796875,86018.7578125,0,2026-10-06 06:57:31.742058
2026-10-06 01:13:00+00:00,86022.359375,86024.3203125,86007.296875,86013.9921875,0,2026-10-06 06:57:31.742058
2026-10-06 01:14:00+00:00,86057.6484375,86070.3125,86028.0078125,86028.0234375,0,2026-10-06 06:57:31.742058
2026-10-06 01:15:00+00:00,86036.6796875,86051.5078125,86014.0078125,86051.5078125,0,2026-10-06 06:57:31.742058
2026-10-06 01:16:00+00:00,85987.5234375,86037.6875,85987.5,86037.6796875,0,2026-10-06 06:57:31.742058
2026-10-06 01:17:00+00:00,85937.5234375,85987.5078125,85937.5234375,85987.5078125,0,2026-10-06 06:57:31.742058
2026-10-06 01:18:00+00:00,85888.6796875,85915.6328125,85858.328125,85915.6328125,0,2026-10-06 06:57:31.742058
2026-10-06 01:19:00+00:00,85873.671875,85888.6796875,85847.0,85888.6796875,47806464,2026-10-06 06:57:31.742058
2026-10-06 01:20:00+00:00,85872.0703125,85874.671875,85872.0703125,85873.6796875,0,2026-10-06 06:57:31.742058
2026-10-06 01:21:00+00:00,85915.609375,85915.609375,85862.546875,85872.0703125,0,2026-10-06 06:57:31.742058
2026-10-06 01:22:00+00:00,85936.7890625,85939.84375,85904.4921875,85926.6171875,0,2026-10-06 06:57:31.742058
2026-10-06 01:23:00+00:00,85975.109375,85977.4609375,85936.7890625,85936.7890625,0,2026-10-06 06:57:31.742058
2026-10-06 01:24:00+00:00,85950.0,85976.109375,85948.1484375,85976.109375,0,2026-10-06 06:57:31.742058
2026-10-06 01:25:00+00:00,85955.1875,85960.0390625,85928.203125,85950.0078125,0,2026-10-06 06:57:31.742058
2026-10-06 01:26:00+00:00,85931.53125,85942.7109375,85917.5,85934.0390625,0,2026-10-06 06:57:31.742058
2026-10-06 01:27:00+00:00,85908.4609375,85931.5390625,85904.15625,85931.53125,0,2026-10-06 06:57:31.742058
2026-10-06 01:28:00+00:00,85974.8828125,85974.8828125,85930.53125,85930.53125,0,2026-10-06 06:57:31.742058
2026-10-06 01:29:00+00:00,85975.6328125,85975.6328125,85968.71875,85971.109375,0,2026-10-06 06:57:31.742058
2026-10-06 01:30:00+00:00,85938.546875,85975.6171875,85938.546875,85975.6171875,28473344,2026-10-06 06:57:31.742058
2026-10-06 01:31:00+00:00,85947.0078125,85949.9921875,85917.2109375,85927.078125,0,2026-10-06 06:57:31.742058
2026-10-06 01:32:00+00:00,85949.109375,85971.8984375,85938.5390625,85961.4609375,0,2026-10-06 06:57:31.742058
2026-10-06 01:33:00+00:00,85882.421875,85922.2578125,85872.9375,85922.2578125,0,2026-10-06 06:57:31.742058
2026-10-06 01:34:00+00:00,85790.828125,85868.2734375,85783.203125,85866.546875,0,2026-10-06 06:57:31.742058
2026-10-06 01:35:00+00:00,85720.796875,85780.078125,85720.796875,85766.640625,0,2026-10-06 06:57:31.742058
2026-10-06 01:36:00+00:00,85750.1015625,85778.09375,85729.2265625,85729.2265625,0,2026-10-06 06:57:31.742058
2026-10-06 01:37:00+00:00,85800.109375,85800.109375,85734.1015625,85734.1015625,0,2026-10-06 06:57:31.742058
2026-10-06 01:38:00+00:00,85815.0078125,85822.8671875,85805.140625,85807.703125,0,2026-10-06 06:57:31.742058
2026-10-06 01:39:00+00:00,85778.109375,85817.40625,85778.109375,85817.40625,0,2026-10-06 06:57:31.742058
2026-10-06 01:40:00+00:00,85704.6875,85779.1796875,85704.6875,85779.1796875,0,2026-10-06 06:57:31.742058
2026-10-06 01:41:00+00:00,85705.953125,85705.953125,85687.046875,85701.6015625,0,2026-10-06 06:57:31.742058
2026-10-06 01:42:00+00:00,85692.7109375,85718.8515625,85687.109375,85714.5625,0,2026-10-06 06:57:31.742058
2026-10-06 01:43:00+00:00,85674.96875,85723.34375,85674.9609375,85723.34375,468992,2026-10-06 06:57:31.742058
2026-10-06 01:44:00+00:00,85674.21875,85692.1171875,85652.0390625,85655.7265625,0,2026-10-06 06:57:31.742058
2026-10-06 01:45:00+00:00,85686.71875,85697.8671875,85663.5078125,85663.5078125,0,2026-10-06 06:57:31.742058
2026-10-06 01:46:00+00:00,85686.40625,85686.7265625,85642.890625,85686.7265625,0,2026-10-06 06:57:31.742058
2026-10-06 01:47:00+00:00,85719.2421875,85728.0625,85686.40625,85686.40625,28229632,2026-10-06 06:57:31.742058
2026-10-06 01:48:00+00:00,85716.7109375,85731.7265625,85714.1484375,85719.2421875,0,2026-10-06 06:57:31.742058
2026-10-06 01:49:00+00:00,85674.9609375,85705.390625,85674.9609375,85693.1875,0,2026-10-06 06:57:31.742058
2026-10-06 01:50:00+00:00,85666.9375,85686.40625,85643.96875,85678.7265625,0,2026-10-06 06:57:31.742058
2026-10-06 01:51:00+00:00,85632.6875,85660.8828125,85620.46875,85660.8828125,0,2026-10-06 06:57:31.742058
2026-10-06 01:52:00+00:00,85599.5703125,85632.4921875,85594.7578125,85632.4921875,0,2026-10-06 06:57:31.742058
2026-10-06 01:53:00+00:00,85623.4609375,85634.8125,85598.5703125,85598.5703125,0,2026-10-06 06:57:31.742058
2026-10-06 01:54:00+00:00,85647.40625,85647.40625,85626.5625,85640.5703125,0,2026-10-06 06:57:31.742058
2026-10-06 01:55:00+00:00,85639.0703125,85655.1796875,85634.7890625,85639.53125,0,2026-10-06 06:57:31.742058
2026-10-06 01:56:00+00:00,85639.8203125,85640.8515625,85623.8515625,85640.8515625,140136448,2026-10-06 06:57:31.742058
2026-10-06 01:57:00+00:00,85611.75,85639.8125,85607.25,85639.8125,0,2026-10-06 06:57:31.742058
2026-10-06 01:58:00+00:00,85641.3828125,85641.390625,85611.75,85611.75,0,2026-10-06 06:57:31.742058
2026-10-06 01:59:00+00:00,85613.328125,85641.3828125,85609.4765625,85641.3828125,0,2026-10-06 06:57:31.742058
2026-10-06 02:00:00+00:00,85606.390625,85656.53125,85606.390625,85656.53125,11474944,2026-10-06 06:57:31.742058
2026-10-06 02:01:00+00:00,85583.2890625,85606.390625,85583.2890625,85606.390625,0,2026-10-06 06:57:31.742058
2026-10-06 02:02:00+00:00,85573.796875,85597.671875,85571.7421875,85583.28125,0,2026-10-06 06:57:31.742058
2026-10-06 02:03:00+00:00,85591.90625,85602.0703125,85575.9296875,85584.7890625,0,2026-10-06 06:57:31.742058
2026-10-06 02:04:00+00:00,85571.8203125,85605.171875,85555.0078125,85605.171875,0,2026-10-06 06:57:31.742058
2026-10-06 02:05:00+00:00,85588.8203125,85588.8203125,85565.8828125,85567.890625,0,2026-10-06 06:57:31.742058
2026-10-06 02:06:00+00:00,85570.1328125,85588.8203125,85555.0078125,85588.8203125,0,2026-10-06 06:57:31.742058
2026-10-06 02:07:00+00:00,85524.03125,85566.8984375,85523.46875,85566.6484375,32645120,2026-10-06 06:57:31.742058
2026-10-06 02:08:00+00:00,85529.7578125,85529.7578125,85511.0625,85527.7890625,0,2026-10-06 06:57:31.742058
2026-10-06 02:09:00+00:00,85479.5390625,85523.15625,85479.5390625,85521.953125,0,2026-10-06 06:57:31.742058
2026-10-06 02:10:00+00:00,85514.5078125,85514.5078125,85463.421875,85480.3984375,0,2026-10-06 06:57:31.742058
2026-10-06 02:11:00+00:00,85522.796875,85526.25,85514.5078125,85514.5078125,0,2026-10-06 06:57:31.742058
2026-10-06 02:12:00+00:00,85497.796875,85522.8125,85484.5625,85522.8125,0,2026-10-06 06:57:31.742058
2026-10-06 02:13:00+00:00,85469.9765625,85495.078125,85468.6875,85481.6484375,0,2026-10-06 06:57:31.742058
2026-10-06 02:14:00+00:00,85454.296875,85472.203125,85450.0,85469.9765625,0,2026-10-06 06:57:31.742058
2026-10-06 02:15:00+00:00,85480.671875,85480.671875,85448.28125,85448.28125,0,2026-10-06 06:57:31.742058
2026-10-06 02:16:00+00:00,85521.171875,85525.96875,85482.2109375,85482.2109375,0,2026-10-06 06:57:31.742058
2026-10-06 02:17:00+00:00,85493.2734375,85527.9765625,85493.2734375,85521.25,0,2026-10-06 06:57:31.742058
2026-10-06 02:18:00+00:00,85500.90625,85503.5703125,85493.28125,85493.28125,0,2026-10-06 06:57:31.742058
2026-10-06 02:19:00+00:00,85520.703125,85532.3671875,85500.8984375,85500.90625,0,2026-10-06 06:57:31.742058
2026-10-06 02:20:00+00:00,85553.921875,85560.3515625,85520.703125,85520.703125,0,2026-10-06 06:57:31.742058
2026-10-06 02:21:00+00:00,85575.4609375,85577.15625,85537.6171875,85553.921875,0,2026-10-06 06:57:31.742058
2026-10-06 02:22:00+00:00,85599.9921875,85599.9921875,85570.078125,85575.4609375,0,2026-10-06 06:57:31.742058
2026-10-06 02:23:00+00:00,85714.0234375,85714.0234375,85592.078125,85592.09375,116029440,2026-10-06 06:57:31.742058
2026-10-06 02:24:00+00:00,85722.546875,85744.1484375,85686.953125,85728.7890625,0,2026-10-06 06:57:31.742058
2026-10-06 02:25:00+00:00,85725.1796875,85745.640625,85717.546875,85717.546875,0,2026-10-06 06:57:31.742058
2026-10-06 02:26:00+00:00,85708.8828125,85743.453125,85675.6171875,85740.9296875,0,2026-10-06 06:57:31.742058
2026-10-06 02:27:00+00:00,85686.421875,85710.421875,85686.421875,85710.421875,0,2026-10-06 06:57:31.742058
2026-10-06 02:28:00+00:00,85633.5234375,85686.4296875,85619.140625,85686.4296875,0,2026-10-06 06:57:31.742058
2026-10-06 02:29:00+00:00,85627.5078125,85652.03125,85614.2734375,85635.9296875,0,2026-10-06 06:57:31.742058
2026-10-06 02:30:00+00:00,85610.71875,85627.1796875,85601.8515625,85627.171875,0,2026-10-06 06:57:31.742058
2026-10-06 02:31:00+00:00,85659.5078125,85674.5625,85601.8515625,85610.7265625,0,2026-10-06 06:57:31.742058
2026-10-06 02:32:00+00:00,85636.5625,85663.8203125,85629.1171875,85663.8203125,0,2026-10-06 06:57:31.742058
2026-10-06 02:33:00+00:00,85606.203125,85636.5625,85606.203125,85636.5625,0,2026-10-06 06:57:31.742058
2026-10-06 02:34:00+00:00,85577.0625,85606.2109375,85564.40625,85606.2109375,0,2026-10-06 06:57:31.742058
2026-10-06 02:35:00+00:00,85593.1171875,85593.1171875,85500.0,85544.3125,0,2026-10-06 06:57:31.742058
2026-10-06 02:36:00+00:00,85604.6875,85604.6875,85572.859375,85582.4921875,0,2026-10-06 06:57:31.742058
2026-10-06 02:37:00+00:00,85611.2265625,85611.2265625,85586.8828125,85606.1875,0,2026-10-06 06:57:31.742058
2026-10-06 02:38:00+00:00,85618.90625,85638.9765625,85615.6015625,85615.6015625,34961408,2026-10-06 06:57:31.742058
2026-10-06 02:39:00+00:00,85651.1875,85651.1875,85629.640625,85629.640625,0,2026-10-06 06:57:31.742058
2026-10-06 02:40:00+00:00,85662.7890625,85662.7890625,85638.296875,85654.921875,0,2026-10-06 06:57:31.742058
2026-10-06 02:41:00+00:00,85637.6015625,85650.8203125,85637.6015625,85648.828125,0,2026-10-06 06:57:31.742058
2026-10-06 02:42:00+00:00,85611.28125,85638.5,85611.28125,85636.359375,0,2026-10-06 06:57:31.742058
2026-10-06 02:43:00+00:00,85621.0234375,85631.4296875,85611.3515625,85612.4765625,0,2026-10-06 06:57:31.742058
2026-10-06 02:44:00+00:00,85575.78125,85626.5234375,85575.78125,85621.0234375,0,2026-10-06 06:57:31.742058
2026-10-06 02:45:00+00:00,85534.390625,85575.78125,85534.390625,85575.7734375,839178240,2026-10-06 06:57:31.742058
2026-10-06 02:46:00+00:00,85548.0390625,85548.0390625,85514.53125,85514.53125,0,2026-10-06 06:57:31.742058
2026-10-06 02:47:00+00:00,85525.203125,85548.8984375,85525.203125,85547.7890625,0,2026-10-06 06:57:31.742058
2026-10-06 02:48:00+00:00,85556.0390625,85560.3515625,85525.2421875,85534.6171875,0,2026-10-06 06:57:31.742058
2026-10-06 02:49:00+00:00,85583.2734375,85583.2734375,85544.8671875,85560.3515625,88539136,2026-10-06 06:57:31.742058
2026-10-06 02:50:00+00:00,85562.7109375,85583.2734375,85548.8984375,85583.2734375,0,2026-10-06 06:57:31.742058
2026-10-06 02:51:00+00:00,85548.90625,85579.1328125,85548.90625,85572.6015625,0,2026-10-06 06:57:31.742058
2026-10-06 02:52:00+00:00,85548.5,85558.1328125,85538.0390625,85548.8984375,0,2026-10-06 06:57:31.742058
2026-10-06 02:53:00+00:00,85538.046875,85561.546875,85538.046875,85546.453125,0,2026-10-06 06:57:31.742058
2026-10-06 02:54:00+00:00,85534.71875,85538.09375,85533.578125,85538.046875,152762368,2026-10-06 06:57:31.742058
2026-10-06 02:55:00+00:00,85534.25,85551.9921875,85526.90625,85526.90625,0,2026-10-06 06:57:31.742058
2026-10-06 02:56:00+00:00,85525.203125,85536.5078125,85525.203125,85534.3671875,0,2026-10-06 06:57:31.742058
2026-10-06 02:57:00+00:00,85502.5625,85533.8125,85502.546875,85533.8125,4751360,2026-10-06 06:57:31.742058
2026-10-06 02:58:00+00:00,85508.6171875,85508.6171875,85491.6015625,85500.0,0,2026-10-06 06:57:31.742058
2026-10-06 02:59:00+00:00,85526.828125,85526.84375,85504.3125,85508.6171875,0,2026-10-06 06:57:31.742058
2026-10-06 03:00:00+00:00,85519.546875,85537.4296875,85519.546875,85522.546875,0,2026-10-06 06:57:31.742058
2026-10-06 03:01:00+00:00,85529.5,85529.59375,85509.0,85509.0078125,0,2026-10-06 06:57:31.742058
2026-10-06 03:02:00+00:00,85580.7265625,85580.7265625,85527.2734375,85528.59375,0,2026-10-06 06:57:31.742058
2026-10-06 03:03:00+00:00,85571.65625,85580.7421875,85560.359375,85580.7265625,0,2026-10-06 06:57:31.742058
2026-10-06 03:04:00+00:00,85570.5234375,85580.7265625,85555.953125,85571.671875,1280000,2026-10-06 06:57:31.742058
2026-10-06 03:05:00+00:00,85548.890625,85548.8984375,85508.7109375,85539.296875,0,2026-10-06 06:57:31.742058
2026-10-06 03:06:00+00:00,85558.7890625,85570.90625,85558.7890625,85560.3515625,0,2026-10-06 06:57:31.742058
2026-10-06 03:07:00+00:00,85538.3125,85561.3515625,85537.3671875,85561.3515625,0,2026-10-06 06:57:31.742058
2026-10-06 03:08:00+00:00,85543.1796875,85550.7265625,85543.1796875,85544.90625,0,2026-10-06 06:57:31.742058
2026-10-06 03:09:00+00:00,85538.609375,85547.171875,85527.671875,85529.15625,0,2026-10-06 06:57:31.742058
2026-10-06 03:10:00+00:00,85534.6328125,85538.6171875,85525.9765625,85533.5703125,16891904,2026-10-06 06:57:31.742058
2026-10-06 03:11:00+00:00,85503.0703125,85544.203125,85503.0703125,85534.640625,0,2026-10-06 06:57:31.742058
2026-10-06 03:12:00+00:00,85521.4765625,85521.4765625,85501.2265625,85501.2265625,0,2026-10-06 06:57:31.742058
2026-10-06 03:13:00+00:00,85520.5703125,85534.203125,85513.8828125,85534.203125,0,2026-10-06 06:57:31.742058
2026-10-06 03:14:00+00:00,85511.1875,85522.5625,85511.1875,85520.5703125,84119552,2026-10-06 06:57:31.742058
2026-10-06 03:15:00+00:00,85528.1484375,85529.703125,85495.1484375,85504.6875,0,2026-10-06 06:57:31.742058
2026-10-06 03:16:00+00:00,85536.6796875,85536.6796875,85528.140625,85528.140625,0,2026-10-06 06:57:31.742058
2026-10-06 03:17:00+00:00,85547.8125,85581.9296875,85536.6796875,85536.6796875,0,2026-10-06 06:57:31.742058
2026-10-06 03:18:00+00:00,85545.078125,85570.34375,85543.578125,85547.84375,0,2026-10-06 06:57:31.742058
2026-10-06 03:19:00+00:00,85542.6171875,85571.0625,85539.1484375,85545.078125,0,2026-10-06 06:57:31.742058
2026-10-06 03:20:00+00:00,85525.9765625,85566.5078125,85525.9765625,85549.03125,0,2026-10-06 06:57:31.742058
2026-10-06 03:21:00+00:00,85538.3515625,85547.90625,85524.75,85525.9765625,0,2026-10-06 06:57:31.742058
2026-10-06 03:22:00+00:00,85518.5703125,85553.546875,85518.5703125,85541.9609375,0,2026-10-06 06:57:31.742058
2026-10-06 03:23:00+00:00,85548.890625,85548.890625,85518.5703125,85521.25,0,2026-10-06 06:57:31.742058
2026-10-06 03:24:00+00:00,85510.96875,85548.859375,85505.140625,85548.859375,0,2026-10-06 06:57:31.742058
2026-10-06 03:25:00+00:00,85491.609375,85516.9296875,85491.609375,85510.9765625,0,2026-10-06 06:57:31.742058
2026-10-06 03:26:00+00:00,85493.2578125,85498.4921875,85491.7578125,85491.7578125,0,2026-10-06 06:57:31.742058
2026-10-06 03:27:00+00:00,85473.6015625,85492.84375,85473.6015625,85484.21875,13905920,2026-10-06 06:57:31.742058
2026-10-06 03:28:00+00:00,85458.0,85473.6015625,85458.0,85473.6015625,0,2026-10-06 06:57:31.742058
2026-10-06 03:29:00+00:00,85446.21875,85458.0078125,85446.21875,85458.0,0,2026-10-06 06:57:31.742058
2026-10-06 03:30:00+00:00,85407.96875,85446.2265625,85360.5703125,85446.2265625,1712128,2026-10-06 06:57:31.742058
2026-10-06 03:31:00+00:00,85386.5,85420.546875,85386.5,85389.2890625,0,2026-10-06 06:57:31.742058
2026-10-06 03:32:00+00:00,85350.21875,85387.6171875,85350.21875,85387.6171875,0,2026-10-06 06:57:31.742058
2026-10-06 03:33:00+00:00,85331.1484375,85331.15625,85304.671875,85326.0078125,0,2026-10-06 06:57:31.742058
2026-10-06 03:34:00+00:00,85380.8125,85389.6796875,85337.8515625,85339.828125,2486272,2026-10-06 06:57:31.742058
2026-10-06 03:35:00+00:00,85397.5703125,85397.5703125,85353.4765625,85374.78125,0,2026-10-06 06:57:31.742058
2026-10-06 03:36:00+00:00,85377.0078125,85413.8828125,85377.0078125,85397.5625,0,2026-10-06 06:57:31.742058
2026-10-06 03:37:00+00:00,85434.8828125,85438.4296875,85365.5390625,85365.5390625,0,2026-10-06 06:57:31.742058
2026-10-06 03:38:00+00:00,85398.2890625,85427.8984375,85383.1796875,85427.8984375,0,2026-10-06 06:57:31.742058
2026-10-06 03:39:00+00:00,85392.2265625,85411.75,85388.1171875,85388.1171875,0,2026-10-06 06:57:31.742058
2026-10-06 03:40:00+00:00,85392.6015625,85392.6015625,85358.65625,85375.671875,0,2026-10-06 06:57:31.742058
2026-10-06 03:41:00+00:00,85410.8671875,85415.078125,85394.75,85406.7421875,0,2026-10-06 06:57:31.742058
2026-10-06 03:42:00+00:00,85414.390625,85414.390625,85393.1875,85413.171875,11556864,2026-10-06 06:57:31.742058
2026-10-06 03:43:00+00:00,85448.9375,85448.9375,85435.4765625,85435.4765625,0,2026-10-06 06:57:31.742058
2026-10-06 03:44:00+00:00,85457.1875,85466.8828125,85448.9375,85448.9375,0,2026-10-06 06:57:31.742058
2026-10-06 03:45:00+00:00,85459.2734375,85459.2734375,85444.4765625,85448.203125,16959488,2026-10-06 06:57:31.742058
2026-10-06 03:46:00+00:00,85480.9375,85483.5078125,85459.359375,85459.359375,0,2026-10-06 06:57:31.742058
2026-10-06 03:47:00+00:00,85511.671875,85511.671875,85476.0625,85476.0625,0,2026-10-06 06:57:31.742058
2026-10-06 03:48:00+00:00,85511.6171875,85511.671875,85503.046875,85511.671875,104880128,2026-10-06 06:57:31.742058
2026-10-06 03:49:00+00:00,85548.890625,85548.890625,85511.6171875,85511.6171875,0,2026-10-06 06:57:31.742058
2026-10-06 03:50:00+00:00,85524.09375,85556.890625,85524.09375,85548.8984375,0,2026-10-06 06:57:31.742058
2026-10-06 03:51:00+00:00,85520.859375,85538.828125,85507.6328125,85513.71875,0,2026-10-06 06:57:31.742058
2026-10-06 03:52:00+00:00,85498.96875,85522.828125,85498.96875,85522.828125,0,2026-10-06 06:57:31.742058
2026-10-06 03:53:00+00:00,85502.96875,85537.2109375,85492.5625,85511.1484375,8648704,2026-10-06 06:57:31.742058
2026-10-06 03:54:00+00:00,85501.3671875,85511.03125,85484.5078125,85503.6015625,0,2026-10-06 06:57:31.742058
2026-10-06 03:55:00+00:00,85503.046875,85503.0625,85496.8671875,85496.8828125,0,2026-10-06 06:57:31.742058
2026-10-06 03:56:00+00:00,85499.3828125,85511.8125,85497.59375,85505.203125,0,2026-10-06 06:57:31.742058
2026-10-06 03:57:00+00:00,85483.359375,85499.390625,85481.640625,85499.3828125,0,2026-10-06 06:57:31.742058
2026-10-06 03:58:00+00:00,85480.6796875,85483.3671875,85480.6796875,85483.359375,0,2026-10-06 06:57:31.742058
2026-10-06 03:59:00+00:00,85476.140625,85480.6796875,85470.921875,85480.6796875,0,2026-10-06 06:57:31.742058
2026-10-06 04:00:00+00:00,85516.8203125,85522.703125,85493.9375,85497.7421875,0,2026-10-06 06:57:31.742058
2026-10-06 04:01:00+00:00,85530.0625,85530.0625,85516.8125,85516.8203125,0,2026-10-06 06:57:31.742058
2026-10-06 04:02:00+00:00,85571.71875,85571.890625,85505.0703125,85515.203125,0,2026-10-06 06:57:31.742058
2026-10-06 04:03:00+00:00,85543.421875,85571.0,85541.546875,85571.0,0,2026-10-06 06:57:31.742058
2026-10-06 04:04:00+00:00,85548.78125,85548.7890625,85541.546875,85541.546875,0,2026-10-06 06:57:31.742058
2026-10-06 04:05:00+00:00,85556.8984375,85559.171875,85548.78125,85548.78125,0,2026-10-06 06:57:31.742058
2026-10-06 04:06:00+00:00,85581.1484375,85581.15625,85555.15625,85555.15625,0,2026-10-06 06:57:31.742058
2026-10-06 04:07:00+00:00,85600.359375,85600.359375,85557.390625,85567.71875,0,2026-10-06 06:57:31.742058
2026-10-06 04:08:00+00:00,85560.390625,85612.34375,85560.3828125,85612.34375,0,2026-10-06 06:57:31.742058
2026-10-06 04:09:00+00:00,85574.7421875,85585.71875,85560.3828125,85560.3828125,0,2026-10-06 06:57:31.742058
2026-10-06 04:10:00+00:00,85560.3828125,85574.7421875,85560.3828125,85574.7265625,0,2026-10-06 06:57:31.742058
2026-10-06 04:11:00+00:00,85560.3828125,85571.7890625,85560.3828125,85571.7890625,0,2026-10-06 06:57:31.742058
2026-10-06 04:12:00+00:00,85569.8203125,85569.8203125,85560.3828125,85560.390625,0,2026-10-06 06:57:31.742058
2026-10-06 04:13:00+00:00,85602.2265625,85610.3671875,85585.7109375,85585.7109375,0,2026-10-06 06:57:31.742058
2026-10-06 04:14:00+00:00,85602.2265625,85602.2421875,85602.2265625,85602.2421875,0,2026-10-06 06:57:31.742058
2026-10-06 04:15:00+00:00,85598.9296875,85610.3984375,85594.828125,85602.25,0,2026-10-06 06:57:31.742058
2026-10-06 04:16:00+00:00,85610.3984375,85610.3984375,85587.4296875,85589.5,0,2026-10-06 06:57:31.742058
2026-10-06 04:17:00+00:00,85594.7109375,85616.078125,85584.9296875,85616.078125,0,2026-10-06 06:57:31.742058
2026-10-06 04:18:00+00:00,85580.96875,85593.1875,85579.3515625,85593.1875,0,2026-10-06 06:57:31.742058
2026-10-06 04:19:00+00:00,85569.8671875,85579.3515625,85569.8671875,85579.34375,38248448,2026-10-06 06:57:31.742058
2026-10-06 04:20:00+00:00,85597.1171875,85597.3125,85560.6484375,85569.859375,0,2026-10-06 06:57:31.742058
2026-10-06 04:21:00+00:00,85597.1171875,85597.1328125,85597.1171875,85597.1171875,0,2026-10-06 06:57:31.742058
2026-10-06 04:22:00+00:00,85610.0,85610.0,85589.53125,85589.53125,0,2026-10-06 06:57:31.742058
2026-10-06 04:23:00+00:00,85598.3828125,85606.203125,85596.3828125,85606.1875,0,2026-10-06 06:57:31.742058
2026-10-06 04:24:00+00:00,85593.140625,85596.390625,85593.1328125,85596.390625,0,2026-10-06 06:57:31.742058
2026-10-06 04:25:00+00:00,85601.703125,85602.703125,85594.96875,85599.828125,0,2026-10-06 06:57:31.742058
2026-10-06 04:26:00+00:00,85600.453125,85601.703125,85600.453125,85601.703125,0,2026-10-06 06:57:31.742058
2026-10-06 04:27:00+00:00,85593.1328125,85604.078125,85593.1328125,85600.453125,0,2026-10-06 06:57:31.742058
2026-10-06 04:28:00+00:00,85564.90625,85593.140625,85564.90625,85593.140625,0,2026-10-06 06:57:31.742058
2026-10-06 04:29:00+00:00,85564.921875,85571.8203125,85564.90625,85564.921875,0,2026-10-06 06:57:31.742058
2026-10-06 04:30:00+00:00,85563.9921875,85581.8671875,85553.4921875,85581.859375,0,2026-10-06 06:57:31.742058
2026-10-06 04:31:00+00:00,85546.6015625,85564.0,85546.6015625,85564.0,0,2026-10-06 06:57:31.742058
2026-10-06 04:32:00+00:00,85568.171875,85574.609375,85536.65625,85536.65625,0,2026-10-06 06:57:31.742058
2026-10-06 04:33:00+00:00,85579.28125,85579.28125,85568.1796875,85568.1796875,0,2026-10-06 06:57:31.742058
2026-10-06 04:34:00+00:00,85542.3125,85552.3828125,85542.296875,85552.3828125,0,2026-10-06 06:57:31.742058
2026-10-06 04:35:00+00:00,85559.5625,85560.3515625,85536.6328125,85542.3125,0,2026-10-06 06:57:31.742058
2026-10-06 04:36:00+00:00,85602.8984375,85604.8984375,85560.3515625,85560.3515625,0,2026-10-06 06:57:31.742058
2026-10-06 04:37:00+00:00,85603.1171875,85616.6328125,85603.109375,85606.1796875,0,2026-10-06 06:57:31.742058
2026-10-06 04:38:00+00:00,85586.21875,85612.4765625,85575.0,85603.109375,0,2026-10-06 06:57:31.742058
2026-10-06 04:39:00+00:00,85605.7265625,85616.9375,85586.21875,85586.21875,0,2026-10-06 06:57:31.742058
2026-10-06 04:40:00+00:00,85592.25,85594.40625,85583.2890625,85594.40625,0,2026-10-06 06:57:31.742058
2026-10-06 04:41:00+00:00,85593.4375,85608.15625,85593.4296875,85596.8203125,0,2026-10-06 06:57:31.742058
2026-10-06 04:42:00+00:00,85577.1796875,85593.4296875,85577.171875,85593.4296875,0,2026-10-06 06:57:31.742058
2026-10-06 04:43:00+00:00,85573.796875,85581.453125,85573.7890625,85577.171875,0,2026-10-06 06:57:31.742058
2026-10-06 04:44:00+00:00,85576.7890625,85577.671875,85568.6328125,85573.7890625,0,2026-10-06 06:57:31.742058
2026-10-06 04:45:00+00:00,85582.5390625,85582.546875,85576.7890625,85576.7890625,673792,2026-10-06 06:57:31.742058
2026-10-06 04:46:00+00:00,85568.6171875,85582.546875,85567.3828125,85582.5390625,0,2026-10-06 06:57:31.742058
2026-10-06 04:47:00+00:00,85556.890625,85568.6171875,85551.1171875,85568.6171875,0,2026-10-06 06:57:31.742058
2026-10-06 04:48:00+00:00,85551.09375,85556.8984375,85551.09375,85556.8984375,0,2026-10-06 06:57:31.742058
2026-10-06 04:49:00+00:00,85551.1171875,85551.1171875,85551.09375,85551.09375,0,2026-10-06 06:57:31.742058
2026-10-06 04:50:00+00:00,85560.6015625,85570.4609375,85551.109375,85551.109375,0,2026-10-06 06:57:31.742058
2026-10-06 04:51:00+00:00,85554.7890625,85578.421875,85554.7890625,85560.609375,0,2026-10-06 06:57:31.742058
2026-10-06 04:52:00+00:00,85569.59375,85581.1171875,85551.09375,85554.7890625,0,2026-10-06 06:57:31.742058
2026-10-06 04:53:00+00:00,85575.09375,85587.1484375,85569.59375,85569.59375,67475456,2026-10-06 06:57:31.742058
2026-10-06 04:54:00+00:00,85587.140625,85587.140625,85569.640625,85575.078125,0,2026-10-06 06:57:31.742058
2026-10-06 04:55:00+00:00,85585.8671875,85587.140625,85580.1796875,85587.140625,0,2026-10-06 06:57:31.742058
2026-10-06 04:56:00+00:00,85575.1328125,85585.8671875,85575.1328125,85585.8671875,268288,2026-10-06 06:57:31.742058
2026-10-06 04:57:00+00:00,85569.6015625,85578.96875,85569.6015625,85575.1328125,0,2026-10-06 06:57:31.742058
2026-10-06 04:58:00+00:00,85574.1875,85575.3515625,85574.1875,85575.3515625,0,2026-10-06 06:57:31.742058
2026-10-06 04:59:00+00:00,85605.59375,85612.0234375,85589.9921875,85599.7109375,0,2026-10-06 06:57:31.742058
2026-10-06 05:00:00+00:00,85605.609375,85607.7421875,85605.59375,85605.59375,0,2026-10-06 06:57:31.742058
2026-10-06 05:01:00+00:00,85605.609375,85612.7890625,85605.6015625,85605.609375,0,2026-10-06 06:57:31.742058
2026-10-06 05:02:00+00:00,85564.0078125,85595.296875,85564.0078125,85595.296875,1761280,2026-10-06 06:57:31.742058
2026-10-06 05:03:00+00:00,85567.8671875,85570.09375,85553.6015625,85564.0,0,2026-10-06 06:57:31.742058
2026-10-06 05:04:00+00:00,85577.2578125,85583.2734375,85567.8671875,85567.8671875,0,2026-10-06 06:57:31.742058
2026-10-06 05:05:00+00:00,85572.90625,85583.28125,85572.90625,85577.2578125,0,2026-10-06 06:57:31.742058
2026-10-06 05:06:00+00:00,85604.546875,85604.796875,85572.8984375,85572.8984375,0,2026-10-06 06:57:31.742058
2026-10-06 05:07:00+00:00,85695.140625,85695.140625,85606.1875,85606.1875,0,2026-10-06 06:57:31.742058
2026-10-06 05:08:00+00:00,85697.53125,85735.40625,85689.2109375,85709.328125,0,2026-10-06 06:57:31.742058
2026-10-06 05:09:00+00:00,85699.21875,85719.0625,85685.140625,85719.0625,0,2026-10-06 06:57:31.742058
2026-10-06 05:10:00+00:00,85687.9921875,85701.5234375,85674.9609375,85688.640625,89888768,2026-10-06 06:57:31.742058
2026-10-06 05:11:00+00:00,85700.0,85703.6171875,85665.2578125,85681.546875,0,2026-10-06 06:57:31.742058
2026-10-06 05:12:00+00:00,85689.703125,85708.9921875,85685.1328125,85698.9921875,0,2026-10-06 06:57:31.742058
2026-10-06 05:13:00+00:00,85697.5,85708.3984375,85689.703125,85689.703125,0,2026-10-06 06:57:31.742058
2026-10-06 05:14:00+00:00,85679.046875,85697.5,85678.7578125,85697.5,0,2026-10-06 06:57:31.742058
2026-10-06 05:15:00+00:00,85655.0078125,85679.0625,85655.0,85679.0625,0,2026-10-06 06:57:31.742058
2026-10-06 05:16:00+00:00,85691.8125,85700.359375,85660.046875,85660.046875,0,2026-10-06 06:57:31.742058
2026-10-06 05:17:00+00:00,85675.453125,85691.8125,85675.453125,85691.8125,0,2026-10-06 06:57:31.742058
2026-10-06 05:18:00+00:00,85650.3515625,85675.453125,85650.3515625,85675.453125,31588352,2026-10-06 06:57:31.742058
2026-10-06 05:19:00+00:00,85660.4921875,85660.4921875,85650.3515625,85650.3515625,0,2026-10-06 06:57:31.742058
2026-10-06 05:20:00+00:00,85653.640625,85673.6796875,85651.96875,85665.40625,0,2026-10-06 06:57:31.742058
2026-10-06 05:21:00+00:00,85630.21875,85653.640625,85628.078125,85653.640625,0,2026-10-06 06:57:31.742058
2026-10-06 05:22:00+00:00,85641.09375,85656.703125,85630.1875,85646.1484375,0,2026-10-06 06:57:31.742058
2026-10-06 05:23:00+00:00,85663.2421875,85663.2421875,85641.09375,85641.1015625,0,2026-10-06 06:57:31.742058
2026-10-06 05:24:00+00:00,85656.7578125,85663.25,85656.7578125,85663.2421875,0,2026-10-06 06:57:31.742058
2026-10-06 05:25:00+00:00,85673.2421875,85697.0078125,85661.9375,85661.9375,0,2026-10-06 06:57:31.742058
2026-10-06 05:26:00+00:00,85648.671875,85657.8203125,85640.59375,85657.8203125,84586496,2026-10-06 06:57:31.742058
2026-10-06 05:27:00+00:00,85636.9609375,85657.046875,85636.9609375,85648.671875,0,2026-10-06 06:57:31.742058
2026-10-06 05:28:00+00:00,85668.0234375,85668.0234375,85629.0390625,85629.0390625,0,2026-10-06 06:57:31.742058
2026-10-06 05:29:00+00:00,85668.0234375,85668.03125,85668.0234375,85668.0234375,0,2026-10-06 06:57:31.742058
2026-10-06 05:30:00+00:00,85640.578125,85668.03125,85640.578125,85668.0234375,9175040,2026-10-06 06:57:31.742058
2026-10-06 05:31:00+00:00,85651.9375,85651.9375,85632.046875,85640.578125,0,2026-10-06 06:57:31.742058
2026-10-06 05:32:00+00:00,85645.921875,85648.53125,85625.09375,85648.53125,0,2026-10-06 06:57:31.742058
2026-10-06 05:33:00+00:00,85645.859375,85669.1875,85645.859375,85652.0390625,0,2026-10-06 06:57:31.742058
2026-10-06 05:34:00+00:00,85629.1171875,85655.0078125,85629.1171875,85641.75,0,2026-10-06 06:57:31.742058
2026-10-06 05:35:00+00:00,85640.171875,85640.171875,85629.1171875,85629.1328125,0,2026-10-06 06:57:31.742058
2026-10-06 05:36:00+00:00,85648.1171875,85654.6328125,85638.4765625,85640.171875,0,2026-10-06 06:57:31.742058
2026-10-06 05:37:00+00:00,85669.203125,85673.640625,85648.1328125,85648.1328125,0,2026-10-06 06:57:31.742058
2026-10-06 05:38:00+00:00,85659.15625,85669.2109375,85655.640625,85669.2109375,0,2026-10-06 06:57:31.742058
2026-10-06 05:39:00+00:00,85655.796875,85667.7734375,85655.6328125,85661.3125,0,2026-10-06 06:57:31.742058
2026-10-06 05:40:00+00:00,85593.2734375,85617.65625,85574.890625,85617.65625,0,2026-10-06 06:57:31.742058
2026-10-06 05:41:00+00:00,85591.421875,85604.4765625,85591.421875,85603.0,0,2026-10-06 06:57:31.742058
2026-10-06 05:42:00+00:00,85579.4609375,85599.2578125,85579.4609375,85591.421875,0,2026-10-06 06:57:31.742058
2026-10-06 05:43:00+00:00,85572.890625,85574.203125,85570.6484375,85570.6484375,0,2026-10-06 06:57:31.742058
2026-10-06 05:44:00+00:00,85575.078125,85576.6015625,85574.4921875,85576.6015625,0,2026-10-06 06:57:31.742058
2026-10-06 05:45:00+00:00,85543.34375,85575.078125,85534.3828125,85575.078125,0,2026-10-06 06:57:31.742058
2026-10-06 05:46:00+00:00,85513.7578125,85532.421875,85508.34375,85532.421875,0,2026-10-06 06:57:31.742058
2026-10-06 05:47:00+00:00,85540.859375,85545.7421875,85521.09375,85521.09375,0,2026-10-06 06:57:31.742058
2026-10-06 05:48:00+00:00,85542.1484375,85542.1484375,85540.859375,85540.8671875,0,2026-10-06 06:57:31.742058
2026-10-06 05:49:00+00:00,85547.7578125,85554.203125,85540.6015625,85546.1875,61009920,2026-10-06 06:57:31.742058
2026-10-06 05:50:00+00:00,85514.53125,85547.7734375,85514.53125,85547.7734375,0,2026-10-06 06:57:31.742058
2026-10-06 05:51:00+00:00,85512.171875,85524.390625,85505.2265625,85514.53125,0,2026-10-06 06:57:31.742058
2026-10-06 05:52:00+00:00,85501.75,85512.171875,85500.0,85512.171875,0,2026-10-06 06:57:31.742058
2026-10-06 05:53:00+00:00,85512.171875,85512.1796875,85489.359375,85489.359375,0,2026-10-06 06:57:31.742058
2026-10-06 05:54:00+00:00,85524.390625,85530.15625,85505.90625,85512.171875,0,2026-10-06 06:57:31.742058
2026-10-06 05:55:00+00:00,85527.078125,85527.3515625,85516.7578125,85524.390625,0,2026-10-06 06:57:31.742058
2026-10-06 05:56:00+00:00,85538.7109375,85538.71875,85527.0703125,85527.0703125,0,2026-10-06 06:57:31.742058
2026-10-06 05:57:00+00:00,85530.1875,85538.7109375,85519.4296875,85538.7109375,0,2026-10-06 06:57:31.742058
2026-10-06 05:58:00+00:00,85514.5234375,85526.8828125,85514.5234375,85526.8828125,0,2026-10-06 06:57:31.742058
2026-10-06 05:59:00+00:00,85496.5234375,85496.53125,85496.5234375,85496.53125,0,2026-10-06 06:57:31.742058
2026-10-06 06:00:00+00:00,85437.2890625,85496.53125,85437.2890625,85496.53125,107669504,2026-10-06 06:57:31.742058
2026-10-06 06:01:00+00:00,85423.5390625,85435.4609375,85402.53125,85435.4609375,0,2026-10-06 06:57:31.742058
2026-10-06 06:02:00+00:00,85421.1171875,85422.828125,85373.1484375,85420.6484375,0,2026-10-06 06:57:31.742058
2026-10-06 06:03:00+00:00,85383.0,85411.3828125,85383.0,85411.3828125,0,2026-10-06 06:57:31.742058
2026-10-06 06:04:00+00:00,85355.5625,85394.28125,85350.0078125,85383.421875,0,2026-10-06 06:57:31.742058
2026-10-06 06:05:00+00:00,85335.9296875,85358.8671875,85335.9296875,85355.546875,0,2026-10-06 06:57:31.742058
2026-10-06 06:06:00+00:00,85290.5234375,85331.1484375,85284.3984375,85331.1484375,0,2026-10-06 06:57:31.742058
2026-10-06 06:07:00+00:00,85284.59375,85301.8671875,85284.390625,85284.390625,0,2026-10-06 06:57:31.742058
2026-10-06 06:08:00+00:00,85273.2421875,85284.59375,85266.0,85284.578125,0,2026-10-06 06:57:31.742058
2026-10-06 06:09:00+00:00,85325.6484375,85325.6484375,85242.453125,85273.2265625,0,2026-10-06 06:57:31.742058
2026-10-06 06:10:00+00:00,85253.1015625,85333.7421875,85253.1015625,85333.7421875,0,2026-10-06 06:57:31.742058
2026-10-06 06:11:00+00:00,85241.1484375,85251.328125,85194.359375,85241.296875,0,2026-10-06 06:57:31.742058
2026-10-06 06:12:00+00:00,85205.1015625,85261.7734375,85198.71875,85247.1328125,0,2026-10-06 06:57:31.742058
2026-10-06 06:13:00+00:00,85177.0,85205.09375,85168.7421875,85205.09375,3899392,2026-10-06 06:57:31.742058
2026-10-06 06:14:00+00:00,85135.6484375,85183.4375,85120.0078125,85175.3984375,0,2026-10-06 06:57:31.742058
2026-10-06 06:15:00+00:00,85128.03125,85147.7890625,85116.7421875,85147.7890625,0,2026-10-06 06:57:31.742058
2026-10-06 06:16:00+00:00,85164.203125,85164.203125,85112.9765625,85112.9765625,170704896,2026-10-06 06:57:31.742058
2026-10-06 06:17:00+00:00,85194.7421875,85200.0,85182.1796875,85182.1796875,5246976,2026-10-06 06:57:31.742058
2026-10-06 06:18:00+00:00,85250.9375,85250.9375,85193.6875,85193.6875,0,2026-10-06 06:57:31.742058
2026-10-06 06:19:00+00:00,85253.84375,85273.1015625,85250.9296875,85259.4609375,0,2026-10-06 06:57:31.742058
2026-10-06 06:20:00+00:00,85240.8828125,85261.2578125,85240.8828125,85250.9296875,0,2026-10-06 06:57:31.742058
2026-10-06 06:21:00+00:00,85246.8515625,85262.0625,85240.09375,85240.859375,53319680,2026-10-06 06:57:31.742058
2026-10-06 06:22:00+00:00,85218.53125,85248.90625,85211.1875,85246.84375,0,2026-10-06 06:57:31.742058
2026-10-06 06:23:00+00:00,85222.9296875,85222.9375,85197.7734375,85211.203125,0,2026-10-06 06:57:31.742058
2026-10-06 06:24:00+00:00,85228.0078125,85239.9921875,85212.421875,85222.9375,0,2026-10-06 06:57:31.742058
2026-10-06 06:25:00+00:00,85250.0,85250.0,85239.9921875,85239.9921875,0,2026-10-06 06:57:31.742058
2026-10-06 06:26:00+00:00,85249.3828125,85250.0,85245.046875,85249.9921875,0,2026-10-06 06:57:31.742058
2026-10-06 06:27:00+00:00,85254.671875,85262.2421875,85249.3671875,85249.3671875,59572224,2026-10-06 06:57:31.742058
2026-10-06 06:28:00+00:00,85238.390625,85252.171875,85238.390625,85252.171875,0,2026-10-06 06:57:31.742058
2026-10-06 06:29:00+00:00,85241.296875,85241.296875,85216.5625,85238.3984375,0,2026-10-06 06:57:31.742058
2026-10-06 06:30:00+00:00,85242.859375,85242.8671875,85227.6875,85234.4296875,0,2026-10-06 06:57:31.742058
2026-10-06 06:31:00+00:00,85249.953125,85249.9609375,85230.4375,85248.8203125,92080128,2026-10-06 06:57:31.742058
2026-10-06 06:32:00+00:00,85249.953125,85249.9609375,85245.921875,85249.9609375,0,2026-10-06 06:57:31.742058
2026-10-06 06:33:00+00:00,85285.3203125,85285.3203125,85261.1484375,85261.1484375,0,2026-10-06 06:57:31.742058
2026-10-06 06:34:00+00:00,85301.25,85320.7421875,85289.9609375,85290.28125,0,2026-10-06 06:57:31.742058
2026-10-06 06:35:00+00:00,85285.3203125,85310.921875,85285.3203125,85301.25,0,2026-10-06 06:57:31.742058
2026-10-06 06:36:00+00:00,85273.8515625,85280.9609375,85251.453125,85280.9609375,0,2026-10-06 06:57:31.742058
2026-10-06 06:37:00+00:00,85308.21875,85308.21875,85268.578125,85276.6875,0,2026-10-06 06:57:31.742058
2026-10-06 06:38:00+00:00,85320.7578125,85331.15625,85317.421875,85317.421875,12478464,2026-10-06 06:57:31.742058
2026-10-06 06:39:00+00:00,85308.2421875,85340.1015625,85308.2421875,85320.7734375,0,2026-10-06 06:57:31.742058
2026-10-06 06:40:00+00:00,85288.296875,85296.890625,85288.296875,85296.890625,0,2026-10-06 06:57:31.742058
2026-10-06 06:41:00+00:00,85271.7890625,85301.9609375,85269.796875,85300.2734375,0,2026-10-06 06:57:31.742058
2026-10-06 06:42:00+00:00,85290.609375,85290.609375,85271.7890625,85271.7890625,26288128,2026-10-06 06:57:31.742058
2026-10-06 06:43:00+00:00,85293.390625,85295.2109375,85289.5,85290.609375,0,2026-10-06 06:57:31.742058
2026-10-06 06:44:00+00:00,85319.703125,85319.703125,85283.828125,85293.390625,0,2026-10-06 06:57:31.742058
2026-10-06 06:45:00+00:00,85322.2421875,85322.2421875,85309.078125,85319.6875,604160,2026-10-06 06:57:31.742058
2026-10-06 06:46:00+00:00,85356.421875,85356.421875,85322.2421875,85322.2421875,0,2026-10-06 06:57:31.742058
2026-10-06 06:47:00+00:00,85351.109375,85351.1171875,85343.453125,85351.109375,0,2026-10-06 06:57:31.742058
2026-10-06 06:48:00+00:00,85344.21875,85354.578125,85340.0703125,85351.109375,0,2026-10-06 06:57:31.742058
2026-10-06 06:49:00+00:00,85340.078125,85352.9375,85340.0703125,85344.2265625,12625920,2026-10-06 06:57:31.742058
2026-10-06 06:50:00+00:00,85331.8671875,85340.078125,85331.8671875,85340.0703125,0,2026-10-06 06:57:31.742058
2026-10-06 06:51:00+00:00,85300.0,85330.15625,85300.0,85330.15625,0,2026-10-06 06:57:31.742058
2026-10-06 06:52:00+00:00,85300.0,85300.0078125,85300.0,85300.0,0,2026-10-06 06:57:31.742058
2026-10-06 06:53:00+00:00,85319.703125,85319.703125,85300.0078125,85300.1796875,8640512,2026-10-06 06:57:31.742058
2026-10-06 06:54:00+00:00,85301.7265625,85322.7265625,85298.0,85321.3828125,0,2026-10-06 06:57:31.742058
2026-10-06 06:55:00+00:00,85312.6875,85312.6875,85296.78125,85308.6796875,0,2026-10-06 06:57:31.742058
2026-10-06 06:56:00+00:00,85318.0390625,85319.7265625,85312.6875,85312.6875,0,2026-10-06 06:57:31.742058
2026-10-06 06:57:00+00:00,85318.046875,85318.046875,85318.046875,85318.046875,0,2026-10-06 06:57:31.742058
